,종가(원),PER,PBR,PCR,PSR,배당수익률(%)
2007-01-02,65500,                  50.07,                   1.64,                  15.04,                   0.35,                   2.28
2007-01-03,65200,                  49.85,                   1.63,                  14.97,                   0.35,                   2.29
2007-01-04,65100,                  49.77,                   1.63,                  14.95,                   0.35,                   2.30
2007-01-05,65000,                  49.69,                   1.62,                  14.92,                   0.35,                   2.30
2007-01-08,65000,                  49.69,                   1.62,                  14.92,                   0.35,                   2.30
2007-01-09,67000,                  51.22,                   1.67,                  15.38,                   0.36,                   2.23
2007-01-10,68000,                  51.99,                   1.70,                  15.61,                   0.36,                   2.20
2007-01-11,68000,                  51.99,                   1.70,                  15.61,                   0.36,                   2.20
2007-01-12,68000,                  51.99,                   1.70,                  15.61,                   0.36,                   2.20
2007-01-15,67800,                  51.84,                   1.69,                  15.57,                   0.36,                   2.20
2007-01-16,65800,                  50.31,                   1.64,                  15.11,                   0.35,                   2.27
2007-01-17,66000,                  50.46,                   1.65,                  15.15,                   0.35,                   2.27
2007-01-18,67500,                  51.60,                   1.69,                  15.50,                   0.36,                   2.21
2007-01-19,65100,                  49.77,                   1.63,                  14.95,                   0.35,                   2.30
2007-01-22,65900,                  50.38,                   1.65,                  15.13,                   0.35,                   2.27
2007-01-23,64900,                  49.62,                   1.62,                  14.90,                   0.35,                   2.30
2007-01-24,66800,                  51.07,                   1.67,                  15.34,                   0.36,                   2.24
2007-01-25,64000,                  48.93,                   1.60,                  14.69,                   0.34,                   2.34
2007-01-26,67000,                  51.22,                   1.67,                  15.38,                   0.36,                   2.23
2007-01-29,65000,                  49.69,                   1.62,                  14.92,                   0.35,                   2.30
2007-01-30,65200,                  49.85,                   1.63,                  14.97,                   0.35,                   2.29
2007-01-31,66800,                  51.07,                   1.67,                  15.34,                   0.36,                   2.24
2007-02-01,68000,                  51.99,                   1.70,                  15.61,                   0.36,                   2.20
2007-02-02,68000,                  51.99,                   1.70,                  15.61,                   0.36,                   2.20
2007-02-05,67500,                  51.60,                   1.69,                  15.50,                   0.36,                   2.21
2007-02-06,69700,                  53.29,                   1.74,                  16.01,                   0.37,                   2.14
2007-02-07,69700,                  53.29,                   1.74,                  16.01,                   0.37,                   2.14
2007-02-08,69300,                  52.98,                   1.73,                  15.91,                   0.37,                   2.16
2007-02-09,68000,                  51.99,                   1.70,                  15.61,                   0.36,                   2.20
2007-02-12,68700,                  52.53,                   1.72,                  15.78,                   0.37,                   2.18
2007-02-13,69900,                  53.44,                   1.75,                  16.05,                   0.37,                   2.14
2007-02-14,70000,                  53.52,                   1.75,                  16.07,                   0.37,                   2.14
2007-02-15,70000,                  53.52,                   1.75,                  16.07,                   0.37,                   2.14
2007-02-16,69500,                  53.13,                   1.74,                  15.96,                   0.37,                   2.15
2007-02-20,70400,                  53.82,                   1.76,                  16.17,                   0.38,                   2.12
2007-02-21,70400,                  53.82,                   1.76,                  16.17,                   0.38,                   2.12
2007-02-22,70400,                  53.82,                   1.76,                  16.17,                   0.38,                   2.12
2007-02-23,69700,                  53.29,                   1.74,                  16.01,                   0.37,                   2.14
2007-02-26,69600,                  53.21,                   1.74,                  15.98,                   0.37,                   2.15
2007-02-27,70000,                  53.52,                   1.75,                  16.07,                   0.37,                   2.14
2007-02-28,69000,                  52.75,                   1.72,                  15.84,                   0.37,                   2.17
2007-03-02,70000,                  53.52,                   1.75,                  16.07,                   0.37,                   2.14
2007-03-05,68000,                  51.99,                   1.70,                  15.61,                   0.36,                   2.20
2007-03-06,68600,                  52.44,                   1.71,                  15.75,                   0.37,                   2.18
2007-03-07,68500,                  52.37,                   1.71,                  15.73,                   0.37,                   2.18
2007-03-08,68200,                  52.14,                   1.70,                  15.66,                   0.36,                   2.19
2007-03-09,68500,                  52.37,                   1.71,                  15.73,                   0.37,                   2.18
2007-03-12,70000,                  53.52,                   1.75,                  16.07,                   0.37,                   2.14
2007-03-13,70000,                  53.52,                   1.75,                  16.07,                   0.37,                   2.14
2007-03-14,70000,                  53.52,                   1.75,                  16.07,                   0.37,                   2.14
2007-03-15,69900,                  53.44,                   1.75,                  16.05,                   0.37,                   2.14
2007-03-16,69800,                  53.37,                   1.74,                  16.03,                   0.37,                   2.14
2007-03-19,68500,                  52.37,                   1.71,                  15.73,                   0.37,                   2.18
2007-03-20,68800,                  52.60,                   1.72,                  15.80,                   0.37,                   2.17
2007-03-21,68500,                  52.37,                   1.71,                  15.73,                   0.37,                   2.18
2007-03-22,68500,                  52.37,                   1.71,                  15.73,                   0.37,                   2.18
2007-03-23,68900,                  52.68,                   1.72,                  15.82,                   0.37,                   2.17
2007-03-26,69000,                  52.75,                   1.72,                  15.84,                   0.37,                   2.17
2007-03-27,69300,                  52.98,                   1.73,                  15.91,                   0.37,                   2.16
2007-03-28,68000,                  51.99,                   1.70,                  15.61,                   0.36,                   2.20
2007-03-29,67100,                  51.30,                   1.68,                  15.41,                   0.36,                   2.23
2007-03-30,68500,                  52.37,                   1.71,                  15.73,                   0.37,                   2.18
2007-04-02,67400,                  51.53,                   1.68,                  15.48,                   0.36,                   2.22
2007-04-03,67000,                  51.22,                   1.67,                  15.38,                   0.36,                   2.23
2007-04-04,67500,                  51.60,                   1.69,                  15.50,                   0.36,                   2.21
2007-04-05,67500,                  51.60,                   1.69,                  15.50,                   0.36,                   2.21
2007-04-06,67500,                  51.60,                   1.69,                  15.50,                   0.36,                   2.21
2007-04-09,67600,                  51.68,                   1.69,                  15.52,                   0.36,                   2.21
2007-04-10,67900,                  51.91,                   1.70,                  15.59,                   0.36,                   2.20
2007-04-11,68800,                  52.60,                   1.72,                  15.80,                   0.37,                   2.17
2007-04-12,69200,                  52.91,                   1.73,                  15.89,                   0.37,                   2.16
2007-04-13,68200,                  52.14,                   1.70,                  15.66,                   0.36,                   2.19
2007-04-16,68500,                  52.37,                   1.71,                  15.73,                   0.37,                   2.18
2007-04-17,69200,                  52.91,                   1.73,                  15.89,                   0.37,                   2.16
2007-04-18,69200,                  52.91,                   1.73,                  15.89,                   0.37,                   2.16
2007-04-19,69300,                  52.98,                   1.73,                  15.91,                   0.37,                   2.16
2007-04-20,69300,                  52.98,                   1.73,                  15.91,                   0.37,                   2.16
2007-04-23,69300,                  52.98,                   1.73,                  15.91,                   0.37,                   2.16
2007-04-24,69300,                  52.98,                   1.73,                  15.91,                   0.37,                   2.16
2007-04-25,69300,                  52.98,                   1.73,                  15.91,                   0.37,                   2.16
2007-04-26,70000,                  53.52,                   1.75,                  16.07,                   0.37,                   2.14
2007-04-27,71500,                  54.66,                   1.79,                  16.42,                   0.38,                   2.09
2007-04-30,72000,                  55.05,                   1.80,                  16.53,                   0.38,                   2.08
2007-05-02,72000,                  55.05,                   1.80,                  16.53,                   0.38,                   2.08
2007-05-03,71600,                  54.74,                   1.79,                  16.44,                   0.38,                   2.09
2007-05-04,72200,                  55.20,                   1.80,                  16.58,                   0.39,                   2.07
2007-05-07,72000,                  55.05,                   1.80,                  16.53,                   0.38,                   2.08
2007-05-08,71000,                  54.28,                   1.77,                  16.30,                   0.38,                   2.11
2007-05-09,72000,                  55.05,                   1.80,                  16.53,                   0.38,                   2.08
2007-05-10,72500,                  55.43,                   1.81,                  16.65,                   0.39,                   2.06
2007-05-11,72500,                  55.43,                   1.81,                  16.65,                   0.39,                   2.06
2007-05-14,72500,                  55.43,                   1.81,                  16.65,                   0.39,                   2.06
2007-05-15,72000,                  55.05,                   1.80,                  16.53,                   0.38,                   2.08
2007-05-16,72200,                  55.20,                   1.80,                  16.58,                   0.39,                   2.07
2007-05-17,71200,                  54.43,                   1.78,                  16.35,                   0.38,                   2.10
2007-05-18,72000,                  55.05,                   1.80,                  16.53,                   0.38,                   2.08
2007-05-21,72500,                  55.43,                   1.81,                  16.65,                   0.39,                   2.06
2007-05-22,71900,                  54.97,                   1.80,                  16.51,                   0.38,                   2.08
2007-05-23,73000,                  55.81,                   1.82,                  16.76,                   0.39,                   2.05
2007-05-25,73200,                  55.96,                   1.83,                  16.81,                   0.39,                   2.04
2007-05-28,74400,                  56.88,                   1.86,                  17.08,                   0.40,                   2.01
2007-05-29,76300,                  58.34,                   1.91,                  17.52,                   0.41,                   1.96
2007-05-30,77900,                  59.56,                   1.95,                  17.89,                   0.42,                   1.92
2007-05-31,79500,                  60.78,                   1.99,                  18.25,                   0.42,                   1.88
2007-06-01,81000,                  61.93,                   2.02,                  18.60,                   0.43,                   1.85
2007-06-04,81000,                  61.93,                   2.02,                  18.60,                   0.43,                   1.85
2007-06-05,80500,                  61.55,                   2.01,                  18.48,                   0.43,                   1.86
2007-06-07,83800,                  64.06,                   2.09,                  19.24,                   0.45,                   1.78
2007-06-08,83200,                  63.61,                   2.08,                  19.10,                   0.44,                   1.80
2007-06-11,82400,                  63.00,                   2.06,                  18.92,                   0.44,                   1.81
2007-06-12,82100,                  62.77,                   2.05,                  18.85,                   0.44,                   1.82
2007-06-13,83000,                  63.46,                   2.07,                  19.06,                   0.44,                   1.80
2007-06-14,82900,                  63.38,                   2.07,                  19.04,                   0.44,                   1.80
2007-06-15,83900,                  64.15,                   2.09,                  19.27,                   0.45,                   1.78
2007-06-18,85000,                  64.99,                   2.12,                  19.52,                   0.45,                   1.76
2007-06-19,84500,                  64.61,                   2.11,                  19.40,                   0.45,                   1.77
2007-06-20,82000,                  62.69,                   2.05,                  18.83,                   0.44,                   1.82
2007-06-21,82300,                  62.92,                   2.05,                  18.90,                   0.44,                   1.82
2007-06-22,82900,                  63.38,                   2.07,                  19.04,                   0.44,                   1.80
2007-06-25,83800,                  64.06,                   2.09,                  19.24,                   0.45,                   1.78
2007-06-26,86000,                  65.75,                   2.15,                  19.75,                   0.46,                   1.74
2007-06-27,84500,                  64.61,                   2.11,                  19.40,                   0.45,                   1.77
2007-06-28,89800,                  68.65,                   2.24,                  20.62,                   0.48,                   1.66
2007-06-29,90500,                  69.19,                   2.26,                  20.78,                   0.48,                   1.65
2007-07-02,91000,                  69.58,                   2.27,                  20.90,                   0.49,                   1.64
2007-07-03,91900,                  70.26,                   2.29,                  21.10,                   0.49,                   1.63
2007-07-04,90200,                  68.96,                   2.25,                  20.71,                   0.48,                   1.66
2007-07-05,89900,                  68.73,                   2.24,                  20.64,                   0.48,                   1.66
2007-07-06,91800,                  70.18,                   2.29,                  21.08,                   0.49,                   1.63
2007-07-09,93000,                  71.11,                   2.32,                  21.36,                   0.50,                   1.61
2007-07-10,93000,                  71.11,                   2.32,                  21.36,                   0.50,                   1.61
2007-07-11,92000,                  70.34,                   2.30,                  21.13,                   0.49,                   1.62
2007-07-12,92000,                  70.34,                   2.30,                  21.13,                   0.49,                   1.62
2007-07-13,92500,                  70.72,                   2.31,                  21.24,                   0.49,                   1.62
2007-07-16,92900,                  71.02,                   2.32,                  21.33,                   0.50,                   1.61
2007-07-18,93800,                  71.71,                   2.34,                  21.54,                   0.50,                   1.59
2007-07-19,94000,                  71.86,                   2.35,                  21.58,                   0.50,                   1.59
2007-07-20,94300,                  72.09,                   2.35,                  21.65,                   0.50,                   1.59
2007-07-23,93400,                  71.40,                   2.33,                  21.45,                   0.50,                   1.60
2007-07-24,91700,                  70.11,                   2.29,                  21.06,                   0.49,                   1.63
2007-07-25,93900,                  71.79,                   2.34,                  21.56,                   0.50,                   1.59
2007-07-26,91100,                  69.65,                   2.27,                  20.92,                   0.49,                   1.64
2007-07-27,90800,                  69.42,                   2.27,                  20.85,                   0.48,                   1.65
2007-07-30,89600,                  68.50,                   2.24,                  20.57,                   0.48,                   1.67
2007-07-31,91900,                  70.26,                   2.29,                  21.10,                   0.49,                   1.63
2007-08-01,90000,                  68.81,                   2.25,                  20.67,                   0.48,                   1.66
2007-08-02,89800,                  68.65,                   2.24,                  20.62,                   0.48,                   1.66
2007-08-03,92500,                  70.72,                   2.31,                  21.24,                   0.49,                   1.62
2007-08-06,92500,                  70.72,                   2.31,                  21.24,                   0.49,                   1.62
2007-08-07,92500,                  70.72,                   2.31,                  21.24,                   0.49,                   1.62
2007-08-08,92900,                  71.02,                   2.32,                  21.33,                   0.50,                   1.61
2007-08-09,92900,                  71.02,                   2.32,                  21.33,                   0.50,                   1.61
2007-08-10,92000,                  70.34,                   2.30,                  21.13,                   0.49,                   1.62
2007-08-13,90100,                  68.89,                   2.25,                  20.69,                   0.48,                   1.66
2007-08-14,89500,                  68.43,                   2.23,                  20.55,                   0.48,                   1.67
2007-08-16,84000,                  64.22,                   2.10,                  19.29,                   0.45,                   1.78
2007-08-17,86000,                  65.75,                   2.15,                  19.75,                   0.46,                   1.74
2007-08-20,88000,                  67.28,                   2.20,                  20.21,                   0.47,                   1.70
2007-08-21,89000,                  68.05,                   2.22,                  20.44,                   0.47,                   1.68
2007-08-22,91400,                  69.88,                   2.28,                  20.99,                   0.49,                   1.64
2007-08-23,89500,                  68.43,                   2.23,                  20.55,                   0.48,                   1.67
2007-08-24,88200,                  67.43,                   2.20,                  20.25,                   0.47,                   1.69
2007-08-27,88800,                  67.89,                   2.22,                  20.39,                   0.47,                   1.68
2007-08-28,87500,                  66.90,                   2.18,                  20.09,                   0.47,                   1.71
2007-08-29,87500,                  66.90,                   2.18,                  20.09,                   0.47,                   1.71
2007-08-30,87500,                  66.90,                   2.18,                  20.09,                   0.47,                   1.71
2007-08-31,90000,                  68.81,                   2.25,                  20.67,                   0.48,                   1.66
2007-09-03,90000,                  68.81,                   2.25,                  20.67,                   0.48,                   1.66
2007-09-04,91000,                  69.58,                   2.27,                  20.90,                   0.49,                   1.64
2007-09-05,91800,                  70.18,                   2.29,                  21.08,                   0.49,                   1.63
2007-09-06,92000,                  70.34,                   2.30,                  21.13,                   0.49,                   1.62
2007-09-07,91800,                  70.18,                   2.29,                  21.08,                   0.49,                   1.63
2007-09-10,92000,                  70.34,                   2.30,                  21.13,                   0.49,                   1.62
2007-09-11,92500,                  70.72,                   2.31,                  21.24,                   0.49,                   1.62
2007-09-12,92000,                  70.34,                   2.30,                  21.13,                   0.49,                   1.62
2007-09-13,92000,                  70.34,                   2.30,                  21.13,                   0.49,                   1.62
2007-09-14,92000,                  70.34,                   2.30,                  21.13,                   0.49,                   1.62
2007-09-17,92600,                  70.80,                   2.31,                  21.26,                   0.49,                   1.61
2007-09-18,93000,                  71.11,                   2.32,                  21.36,                   0.50,                   1.61
2007-09-19,93000,                  71.11,                   2.32,                  21.36,                   0.50,                   1.61
2007-09-20,92200,                  70.49,                   2.30,                  21.17,                   0.49,                   1.62
2007-09-21,92000,                  70.34,                   2.30,                  21.13,                   0.49,                   1.62
2007-09-27,92100,                  70.42,                   2.30,                  21.15,                   0.49,                   1.62
2007-09-28,93000,                  71.11,                   2.32,                  21.36,                   0.50,                   1.61
2007-10-01,95500,                  73.01,                   2.38,                  21.93,                   0.51,                   1.57
2007-10-02,97500,                  74.54,                   2.43,                  22.39,                   0.52,                   1.53
2007-10-04,96300,                  73.62,                   2.40,                  22.11,                   0.51,                   1.55
2007-10-05,98500,                  75.30,                   2.46,                  22.62,                   0.53,                   1.52
2007-10-08,99000,                  75.69,                   2.47,                  22.73,                   0.53,                   1.51
2007-10-09,99500,                  76.07,                   2.48,                  22.85,                   0.53,                   1.50
2007-10-10,99500,                  76.07,                   2.48,                  22.85,                   0.53,                   1.50
2007-10-11,99800,                  76.30,                   2.49,                  22.92,                   0.53,                   1.50
2007-10-12,99800,                  76.30,                   2.49,                  22.92,                   0.53,                   1.50
2007-10-15,100000,                  76.45,                   2.50,                  22.96,                   0.53,                   1.49
2007-10-16,100000,                  76.45,                   2.50,                  22.96,                   0.53,                   1.49
2007-10-17,98000,                  74.92,                   2.45,                  22.50,                   0.52,                   1.53
2007-10-18,98000,                  74.92,                   2.45,                  22.50,                   0.52,                   1.53
2007-10-19,99500,                  76.07,                   2.48,                  22.85,                   0.53,                   1.50
2007-10-22,96600,                  73.86,                   2.41,                  22.18,                   0.52,                   1.55
2007-10-23,97900,                  74.85,                   2.44,                  22.48,                   0.52,                   1.53
2007-10-24,98200,                  75.08,                   2.45,                  22.55,                   0.52,                   1.52
2007-10-25,98000,                  74.92,                   2.45,                  22.50,                   0.52,                   1.53
2007-10-26,96900,                  74.08,                   2.42,                  22.25,                   0.52,                   1.54
2007-10-29,96500,                  73.77,                   2.41,                  22.16,                   0.51,                   1.55
2007-10-30,98000,                  74.92,                   2.45,                  22.50,                   0.52,                   1.53
2007-10-31,98800,                  75.54,                   2.47,                  22.69,                   0.53,                   1.51
2007-11-01,96500,                  73.77,                   2.41,                  22.16,                   0.51,                   1.55
2007-11-02,97800,                  74.77,                   2.44,                  22.46,                   0.52,                   1.53
2007-11-05,99000,                  75.69,                   2.47,                  22.73,                   0.53,                   1.51
2007-11-06,101000,                  77.22,                   2.52,                  23.19,                   0.54,                   1.48
2007-11-07,100000,                  76.45,                   2.50,                  22.96,                   0.53,                   1.49
2007-11-08,96200,                  73.55,                   2.40,                  22.09,                   0.51,                   1.55
2007-11-09,99000,                  75.69,                   2.47,                  22.73,                   0.53,                   1.51
2007-11-12,99500,                  76.07,                   2.48,                  22.85,                   0.53,                   1.50
2007-11-13,99600,                  76.15,                   2.49,                  22.87,                   0.53,                   1.50
2007-11-14,95000,                  72.63,                   2.37,                  21.81,                   0.51,                   1.57
2007-11-15,97400,                  74.46,                   2.43,                  22.36,                   0.52,                   1.53
2007-11-16,95000,                  72.63,                   2.37,                  21.81,                   0.51,                   1.57
2007-11-19,95100,                  72.71,                   2.37,                  21.84,                   0.51,                   1.57
2007-11-20,95100,                  72.71,                   2.37,                  21.84,                   0.51,                   1.57
2007-11-21,94500,                  72.24,                   2.36,                  21.70,                   0.50,                   1.58
2007-11-22,96700,                  73.93,                   2.41,                  22.20,                   0.52,                   1.55
2007-11-23,96800,                  74.01,                   2.42,                  22.23,                   0.52,                   1.54
2007-11-26,96800,                  74.01,                   2.42,                  22.23,                   0.52,                   1.54
2007-11-27,95900,                  73.32,                   2.39,                  22.02,                   0.51,                   1.56
2007-11-28,93300,                  71.33,                   2.33,                  21.42,                   0.50,                   1.60
2007-11-29,96900,                  74.08,                   2.42,                  22.25,                   0.52,                   1.54
2007-11-30,96800,                  74.01,                   2.42,                  22.23,                   0.52,                   1.54
2007-12-03,96400,                  73.70,                   2.41,                  22.13,                   0.51,                   1.55
2007-12-04,95500,                  73.01,                   2.38,                  21.93,                   0.51,                   1.57
2007-12-05,95000,                  72.63,                   2.37,                  21.81,                   0.51,                   1.57
2007-12-06,91900,                  70.26,                   2.29,                  21.10,                   0.49,                   1.63
2007-12-07,91000,                  69.58,                   2.27,                  20.90,                   0.49,                   1.64
2007-12-10,91900,                  70.26,                   2.29,                  21.10,                   0.49,                   1.63
2007-12-11,93800,                  71.71,                   2.34,                  21.54,                   0.50,                   1.59
2007-12-12,94500,                  72.24,                   2.36,                  21.70,                   0.50,                   1.58
2007-12-13,92600,                  70.80,                   2.31,                  21.26,                   0.49,                   1.61
2007-12-14,92000,                  70.34,                   2.30,                  21.13,                   0.49,                   1.62
2007-12-17,91500,                  69.96,                   2.28,                  21.01,                   0.49,                   1.63
2007-12-18,94900,                  72.55,                   2.37,                  21.79,                   0.51,                   1.58
2007-12-20,94400,                  72.17,                   2.36,                  21.68,                   0.50,                   1.58
2007-12-21,92800,                  70.95,                   2.32,                  21.31,                   0.50,                   1.61
2007-12-24,92500,                  70.72,                   2.31,                  21.24,                   0.49,                   1.62
2007-12-26,94000,                  71.86,                   2.35,                  21.58,                   0.50,                   1.59
2007-12-27,93900,                  71.79,                   2.34,                  21.56,                   0.50,                   1.59
2007-12-28,94400,                  72.17,                   2.36,                  21.68,                   0.50,                   1.58
2008-01-02,92300,                  17.11,                   1.72,                   9.94,                   0.40,                   2.16
2008-01-03,93000,                  17.24,                   1.73,                  10.01,                   0.40,                   2.14
2008-01-04,92900,                  17.22,                   1.73,                  10.00,                   0.40,                   2.15
2008-01-07,92900,                  17.22,                   1.73,                  10.00,                   0.40,                   2.15
2008-01-08,92800,                  17.20,                   1.73,                   9.99,                   0.40,                   2.15
2008-01-09,92500,                  17.15,                   1.72,                   9.96,                   0.40,                   2.15
2008-01-10,92500,                  17.15,                   1.72,                   9.96,                   0.40,                   2.15
2008-01-11,93400,                  17.31,                   1.74,                  10.06,                   0.40,                   2.13
2008-01-14,94400,                  17.50,                   1.76,                  10.16,                   0.40,                   2.11
2008-01-15,92900,                  17.22,                   1.73,                  10.00,                   0.40,                   2.15
2008-01-16,92400,                  17.13,                   1.72,                   9.95,                   0.40,                   2.16
2008-01-17,92200,                  17.09,                   1.72,                   9.93,                   0.40,                   2.16
2008-01-18,93800,                  17.39,                   1.75,                  10.10,                   0.40,                   2.12
2008-01-21,94000,                  17.42,                   1.75,                  10.12,                   0.40,                   2.12
2008-01-22,92400,                  17.13,                   1.72,                   9.95,                   0.40,                   2.16
2008-01-23,92400,                  17.13,                   1.72,                   9.95,                   0.40,                   2.16
2008-01-24,92000,                  17.05,                   1.71,                   9.91,                   0.39,                   2.17
2008-01-25,92000,                  17.05,                   1.71,                   9.91,                   0.39,                   2.17
2008-01-28,92000,                  17.05,                   1.71,                   9.91,                   0.39,                   2.17
2008-01-29,92000,                  17.05,                   1.71,                   9.91,                   0.39,                   2.17
2008-01-30,93200,                  17.27,                   1.74,                  10.04,                   0.40,                   2.14
2008-01-31,92600,                  17.16,                   1.72,                   9.97,                   0.40,                   2.15
2008-02-01,92600,                  17.16,                   1.72,                   9.97,                   0.40,                   2.15
2008-02-04,92900,                  17.22,                   1.73,                  10.00,                   0.40,                   2.15
2008-02-05,92900,                  17.22,                   1.73,                  10.00,                   0.40,                   2.15
2008-02-11,92000,                  17.05,                   1.71,                   9.91,                   0.39,                   2.17
2008-02-12,93000,                  17.24,                   1.73,                  10.01,                   0.40,                   2.14
2008-02-13,92500,                  17.15,                   1.72,                   9.96,                   0.40,                   2.15
2008-02-14,92900,                  17.22,                   1.73,                  10.00,                   0.40,                   2.15
2008-02-15,92500,                  17.15,                   1.72,                   9.96,                   0.40,                   2.15
2008-02-18,91400,                  16.94,                   1.70,                   9.84,                   0.39,                   2.18
2008-02-19,91400,                  16.94,                   1.70,                   9.84,                   0.39,                   2.18
2008-02-20,91000,                  16.87,                   1.69,                   9.80,                   0.39,                   2.19
2008-02-21,92400,                  17.13,                   1.72,                   9.95,                   0.40,                   2.16
2008-02-22,91200,                  16.90,                   1.70,                   9.82,                   0.39,                   2.19
2008-02-25,91200,                  16.90,                   1.70,                   9.82,                   0.39,                   2.19
2008-02-26,91500,                  16.96,                   1.70,                   9.85,                   0.39,                   2.18
2008-02-27,93000,                  17.24,                   1.73,                  10.01,                   0.40,                   2.14
2008-02-28,92900,                  17.22,                   1.73,                  10.00,                   0.40,                   2.15
2008-02-29,92900,                  17.22,                   1.73,                  10.00,                   0.40,                   2.15
2008-03-03,93000,                  17.24,                   1.73,                  10.01,                   0.40,                   2.14
2008-03-04,93000,                  17.24,                   1.73,                  10.01,                   0.40,                   2.14
2008-03-05,93000,                  17.24,                   1.73,                  10.01,                   0.40,                   2.14
2008-03-06,90200,                  16.72,                   1.68,                   9.71,                   0.39,                   2.21
2008-03-07,90600,                  16.79,                   1.69,                   9.76,                   0.39,                   2.20
2008-03-10,91900,                  17.03,                   1.71,                   9.90,                   0.39,                   2.17
2008-03-11,91400,                  16.94,                   1.70,                   9.84,                   0.39,                   2.18
2008-03-12,90900,                  16.85,                   1.69,                   9.79,                   0.39,                   2.19
2008-03-13,91500,                  16.96,                   1.70,                   9.85,                   0.39,                   2.18
2008-03-14,91100,                  16.89,                   1.70,                   9.81,                   0.39,                   2.19
2008-03-17,91000,                  16.87,                   1.69,                   9.80,                   0.39,                   2.19
2008-03-18,90500,                  16.77,                   1.69,                   9.75,                   0.39,                   2.20
2008-03-19,90600,                  16.79,                   1.69,                   9.76,                   0.39,                   2.20
2008-03-20,90000,                  16.68,                   1.68,                   9.69,                   0.39,                   2.21
2008-03-21,89500,                  16.59,                   1.67,                   9.64,                   0.38,                   2.23
2008-03-24,89900,                  16.66,                   1.67,                   9.68,                   0.39,                   2.22
2008-03-25,89900,                  16.66,                   1.67,                   9.68,                   0.39,                   2.22
2008-03-26,88500,                  16.40,                   1.65,                   9.53,                   0.38,                   2.25
2008-03-27,87400,                  16.20,                   1.63,                   9.41,                   0.37,                   2.28
2008-03-28,87100,                  16.14,                   1.62,                   9.38,                   0.37,                   2.29
2008-03-31,90000,                  16.68,                   1.68,                   9.69,                   0.39,                   2.21
2008-04-01,90900,                  16.85,                   1.69,                   9.79,                   0.39,                   2.19
2008-04-02,91400,                  16.94,                   1.70,                   9.84,                   0.39,                   2.18
2008-04-03,90000,                  16.68,                   1.68,                   9.69,                   0.39,                   2.21
2008-04-04,90400,                  16.75,                   1.68,                   9.73,                   0.39,                   2.20
2008-04-07,91500,                  16.96,                   1.70,                   9.85,                   0.39,                   2.18
2008-04-08,90000,                  16.68,                   1.68,                   9.69,                   0.39,                   2.21
2008-04-10,91000,                  16.87,                   1.69,                   9.80,                   0.39,                   2.19
2008-04-11,90500,                  16.77,                   1.69,                   9.75,                   0.39,                   2.20
2008-04-14,90900,                  16.85,                   1.69,                   9.79,                   0.39,                   2.19
2008-04-15,91000,                  16.87,                   1.69,                   9.80,                   0.39,                   2.19
2008-04-16,90900,                  16.85,                   1.69,                   9.79,                   0.39,                   2.19
2008-04-17,91200,                  16.90,                   1.70,                   9.82,                   0.39,                   2.19
2008-04-18,91000,                  16.87,                   1.69,                   9.80,                   0.39,                   2.19
2008-04-21,90000,                  16.68,                   1.68,                   9.69,                   0.39,                   2.21
2008-04-22,87500,                  16.22,                   1.63,                   9.42,                   0.38,                   2.28
2008-04-23,89900,                  16.66,                   1.67,                   9.68,                   0.39,                   2.22
2008-04-24,91000,                  16.87,                   1.69,                   9.80,                   0.39,                   2.19
2008-04-25,89900,                  16.66,                   1.67,                   9.68,                   0.39,                   2.22
2008-04-28,89900,                  16.66,                   1.67,                   9.68,                   0.39,                   2.22
2008-04-29,89500,                  16.59,                   1.67,                   9.64,                   0.38,                   2.23
2008-04-30,90700,                  16.81,                   1.69,                   9.77,                   0.39,                   2.20
2008-05-02,90600,                  16.79,                   1.69,                   9.76,                   0.39,                   2.20
2008-05-06,90500,                  16.77,                   1.69,                   9.75,                   0.39,                   2.20
2008-05-07,89200,                  16.53,                   1.66,                   9.60,                   0.38,                   2.23
2008-05-08,88300,                  16.37,                   1.64,                   9.51,                   0.38,                   2.26
2008-05-09,87400,                  16.20,                   1.63,                   9.41,                   0.37,                   2.28
2008-05-13,88800,                  16.46,                   1.65,                   9.56,                   0.38,                   2.24
2008-05-14,90500,                  16.77,                   1.69,                   9.75,                   0.39,                   2.20
2008-05-15,90000,                  16.68,                   1.68,                   9.69,                   0.39,                   2.21
2008-05-16,88000,                  16.31,                   1.64,                   9.48,                   0.38,                   2.26
2008-05-19,88000,                  16.31,                   1.64,                   9.48,                   0.38,                   2.26
2008-05-20,88000,                  16.31,                   1.64,                   9.48,                   0.38,                   2.26
2008-05-21,88000,                  16.31,                   1.64,                   9.48,                   0.38,                   2.26
2008-05-22,87600,                  16.24,                   1.63,                   9.43,                   0.38,                   2.28
2008-05-23,86100,                  15.96,                   1.60,                   9.27,                   0.37,                   2.31
2008-05-26,86900,                  16.11,                   1.62,                   9.36,                   0.37,                   2.29
2008-05-27,88000,                  16.31,                   1.64,                   9.48,                   0.38,                   2.26
2008-05-28,86000,                  15.94,                   1.60,                   9.26,                   0.37,                   2.32
2008-05-29,87900,                  16.29,                   1.64,                   9.46,                   0.38,                   2.27
2008-05-30,86500,                  16.03,                   1.61,                   9.31,                   0.37,                   2.30
2008-06-02,86400,                  16.01,                   1.61,                   9.30,                   0.37,                   2.31
2008-06-03,86000,                  15.94,                   1.60,                   9.26,                   0.37,                   2.32
2008-06-04,87900,                  16.29,                   1.64,                   9.46,                   0.38,                   2.27
2008-06-05,90000,                  16.68,                   1.68,                   9.69,                   0.39,                   2.21
2008-06-09,90800,                  16.83,                   1.69,                   9.78,                   0.39,                   2.20
2008-06-10,89900,                  16.66,                   1.67,                   9.68,                   0.39,                   2.22
2008-06-11,89000,                  16.50,                   1.66,                   9.58,                   0.38,                   2.24
2008-06-12,89000,                  16.50,                   1.66,                   9.58,                   0.38,                   2.24
2008-06-13,89500,                  16.59,                   1.67,                   9.64,                   0.38,                   2.23
2008-06-16,90000,                  16.68,                   1.68,                   9.69,                   0.39,                   2.21
2008-06-17,90000,                  16.68,                   1.68,                   9.69,                   0.39,                   2.21
2008-06-18,91000,                  16.87,                   1.69,                   9.80,                   0.39,                   2.19
2008-06-19,91000,                  16.87,                   1.69,                   9.80,                   0.39,                   2.19
2008-06-20,90500,                  16.77,                   1.69,                   9.75,                   0.39,                   2.20
2008-06-23,88700,                  16.44,                   1.65,                   9.55,                   0.38,                   2.25
2008-06-24,90700,                  16.81,                   1.69,                   9.77,                   0.39,                   2.20
2008-06-25,89800,                  16.64,                   1.67,                   9.67,                   0.39,                   2.22
2008-06-26,89500,                  16.59,                   1.67,                   9.64,                   0.38,                   2.23
2008-06-27,88900,                  16.48,                   1.66,                   9.57,                   0.38,                   2.24
2008-06-30,88900,                  16.48,                   1.66,                   9.57,                   0.38,                   2.24
2008-07-01,88600,                  16.42,                   1.65,                   9.54,                   0.38,                   2.25
2008-07-02,87200,                  16.16,                   1.62,                   9.39,                   0.37,                   2.29
2008-07-03,85000,                  15.76,                   1.58,                   9.15,                   0.36,                   2.34
2008-07-04,81000,                  15.01,                   1.51,                   8.72,                   0.35,                   2.46
2008-07-07,85400,                  15.83,                   1.59,                   9.20,                   0.37,                   2.33
2008-07-08,85800,                  15.90,                   1.60,                   9.24,                   0.37,                   2.32
2008-07-09,85700,                  15.88,                   1.60,                   9.23,                   0.37,                   2.33
2008-07-10,85700,                  15.88,                   1.60,                   9.23,                   0.37,                   2.33
2008-07-11,85700,                  15.88,                   1.60,                   9.23,                   0.37,                   2.33
2008-07-14,85700,                  15.88,                   1.60,                   9.23,                   0.37,                   2.33
2008-07-15,85900,                  15.92,                   1.60,                   9.25,                   0.37,                   2.32
2008-07-16,86700,                  16.07,                   1.61,                   9.34,                   0.37,                   2.30
2008-07-17,86700,                  16.07,                   1.61,                   9.34,                   0.37,                   2.30
2008-07-18,87000,                  16.13,                   1.62,                   9.37,                   0.37,                   2.29
2008-07-21,86500,                  16.03,                   1.61,                   9.31,                   0.37,                   2.30
2008-07-22,82100,                  15.22,                   1.53,                   8.84,                   0.35,                   2.43
2008-07-23,78300,                  14.51,                   1.46,                   8.43,                   0.34,                   2.55
2008-07-24,80000,                  14.83,                   1.49,                   8.61,                   0.34,                   2.49
2008-07-25,81300,                  15.07,                   1.51,                   8.75,                   0.35,                   2.45
2008-07-28,81500,                  15.11,                   1.52,                   8.78,                   0.35,                   2.45
2008-07-29,81500,                  15.11,                   1.52,                   8.78,                   0.35,                   2.45
2008-07-30,81500,                  15.11,                   1.52,                   8.78,                   0.35,                   2.45
2008-07-31,81900,                  15.18,                   1.53,                   8.82,                   0.35,                   2.43
2008-08-01,82000,                  15.20,                   1.53,                   8.83,                   0.35,                   2.43
2008-08-04,80000,                  14.83,                   1.49,                   8.61,                   0.34,                   2.49
2008-08-05,81900,                  15.18,                   1.53,                   8.82,                   0.35,                   2.43
2008-08-06,81900,                  15.18,                   1.53,                   8.82,                   0.35,                   2.43
2008-08-07,80600,                  14.94,                   1.50,                   8.68,                   0.35,                   2.47
2008-08-08,81900,                  15.18,                   1.53,                   8.82,                   0.35,                   2.43
2008-08-11,82500,                  15.29,                   1.54,                   8.88,                   0.35,                   2.42
2008-08-12,82500,                  15.29,                   1.54,                   8.88,                   0.35,                   2.42
2008-08-13,87800,                  16.27,                   1.64,                   9.45,                   0.38,                   2.27
2008-08-14,84000,                  15.57,                   1.56,                   9.05,                   0.36,                   2.37
2008-08-18,85000,                  15.76,                   1.58,                   9.15,                   0.36,                   2.34
2008-08-19,84000,                  15.57,                   1.56,                   9.05,                   0.36,                   2.37
2008-08-20,84000,                  15.57,                   1.56,                   9.05,                   0.36,                   2.37
2008-08-21,83000,                  15.38,                   1.55,                   8.94,                   0.36,                   2.40
2008-08-22,82000,                  15.20,                   1.53,                   8.83,                   0.35,                   2.43
2008-08-25,84100,                  15.59,                   1.57,                   9.06,                   0.36,                   2.37
2008-08-26,82900,                  15.37,                   1.54,                   8.93,                   0.36,                   2.40
2008-08-27,82500,                  15.29,                   1.54,                   8.88,                   0.35,                   2.42
2008-08-28,82500,                  15.29,                   1.54,                   8.88,                   0.35,                   2.42
2008-08-29,82500,                  15.29,                   1.54,                   8.88,                   0.35,                   2.42
2008-09-01,80000,                  14.83,                   1.49,                   8.61,                   0.34,                   2.49
2008-09-02,79200,                  14.68,                   1.47,                   8.53,                   0.34,                   2.52
2008-09-03,79800,                  14.79,                   1.49,                   8.59,                   0.34,                   2.50
2008-09-04,78900,                  14.62,                   1.47,                   8.50,                   0.34,                   2.53
2008-09-05,80000,                  14.83,                   1.49,                   8.61,                   0.34,                   2.49
2008-09-08,77200,                  14.31,                   1.44,                   8.31,                   0.33,                   2.58
2008-09-09,80000,                  14.83,                   1.49,                   8.61,                   0.34,                   2.49
2008-09-10,80700,                  14.96,                   1.50,                   8.69,                   0.35,                   2.47
2008-09-11,81200,                  15.05,                   1.51,                   8.74,                   0.35,                   2.45
2008-09-12,80500,                  14.92,                   1.50,                   8.67,                   0.35,                   2.48
2008-09-16,80500,                  14.92,                   1.50,                   8.67,                   0.35,                   2.48
2008-09-17,80900,                  15.00,                   1.51,                   8.71,                   0.35,                   2.46
2008-09-18,79900,                  14.81,                   1.49,                   8.60,                   0.34,                   2.49
2008-09-19,81200,                  15.05,                   1.51,                   8.74,                   0.35,                   2.45
2008-09-22,78700,                  14.59,                   1.47,                   8.47,                   0.34,                   2.53
2008-09-23,77000,                  14.27,                   1.43,                   8.29,                   0.33,                   2.59
2008-09-24,76600,                  14.20,                   1.43,                   8.25,                   0.33,                   2.60
2008-09-25,82000,                  15.20,                   1.53,                   8.83,                   0.35,                   2.43
2008-09-26,81000,                  15.01,                   1.51,                   8.72,                   0.35,                   2.46
2008-09-29,80400,                  14.90,                   1.50,                   8.66,                   0.34,                   2.48
2008-09-30,79500,                  14.74,                   1.48,                   8.56,                   0.34,                   2.51
2008-10-01,79500,                  14.74,                   1.48,                   8.56,                   0.34,                   2.51
2008-10-02,79000,                  14.64,                   1.47,                   8.51,                   0.34,                   2.52
2008-10-06,75000,                  13.90,                   1.40,                   8.08,                   0.32,                   2.66
2008-10-07,79000,                  14.64,                   1.47,                   8.51,                   0.34,                   2.52
2008-10-08,79600,                  14.75,                   1.48,                   8.57,                   0.34,                   2.50
2008-10-09,77900,                  14.44,                   1.45,                   8.39,                   0.33,                   2.56
2008-10-10,77800,                  14.42,                   1.45,                   8.38,                   0.33,                   2.56
2008-10-13,74000,                  13.72,                   1.38,                   7.97,                   0.32,                   2.69
2008-10-14,79200,                  14.68,                   1.47,                   8.53,                   0.34,                   2.52
2008-10-15,77700,                  14.40,                   1.45,                   8.37,                   0.33,                   2.57
2008-10-16,73700,                  13.66,                   1.37,                   7.94,                   0.32,                   2.70
2008-10-17,74000,                  13.72,                   1.38,                   7.97,                   0.32,                   2.69
2008-10-20,74000,                  13.72,                   1.38,                   7.97,                   0.32,                   2.69
2008-10-21,75600,                  14.01,                   1.41,                   8.14,                   0.32,                   2.64
2008-10-22,74900,                  13.88,                   1.39,                   8.07,                   0.32,                   2.66
2008-10-23,72200,                  13.38,                   1.34,                   7.77,                   0.31,                   2.76
2008-10-24,69100,                  12.81,                   1.29,                   7.44,                   0.30,                   2.88
2008-10-27,58800,                  10.90,                   1.10,                   6.33,                   0.25,                   3.39
2008-10-28,50100,                   9.29,                   0.93,                   5.39,                   0.21,                   3.98
2008-10-29,51200,                   9.49,                   0.95,                   5.51,                   0.22,                   3.89
2008-10-30,58800,                  10.90,                   1.10,                   6.33,                   0.25,                   3.39
2008-10-31,55900,                  10.36,                   1.04,                   6.02,                   0.24,                   3.57
2008-11-03,55100,                  10.21,                   1.03,                   5.93,                   0.24,                   3.62
2008-11-04,58800,                  10.90,                   1.10,                   6.33,                   0.25,                   3.39
2008-11-05,60000,                  11.12,                   1.12,                   6.46,                   0.26,                   3.32
2008-11-06,59100,                  10.95,                   1.10,                   6.36,                   0.25,                   3.37
2008-11-07,62400,                  11.57,                   1.16,                   6.72,                   0.27,                   3.19
2008-11-10,58800,                  10.90,                   1.10,                   6.33,                   0.25,                   3.39
2008-11-11,58800,                  10.90,                   1.10,                   6.33,                   0.25,                   3.39
2008-11-12,60900,                  11.29,                   1.13,                   6.56,                   0.26,                   3.27
2008-11-13,60900,                  11.29,                   1.13,                   6.56,                   0.26,                   3.27
2008-11-14,61000,                  11.31,                   1.14,                   6.57,                   0.26,                   3.27
2008-11-17,61700,                  11.44,                   1.15,                   6.64,                   0.26,                   3.23
2008-11-18,60000,                  11.12,                   1.12,                   6.46,                   0.26,                   3.32
2008-11-19,60800,                  11.27,                   1.13,                   6.55,                   0.26,                   3.28
2008-11-20,60200,                  11.16,                   1.12,                   6.48,                   0.26,                   3.31
2008-11-21,60700,                  11.25,                   1.13,                   6.54,                   0.26,                   3.28
2008-11-24,59200,                  10.97,                   1.10,                   6.37,                   0.25,                   3.37
2008-11-25,61800,                  11.45,                   1.15,                   6.65,                   0.26,                   3.23
2008-11-26,61700,                  11.44,                   1.15,                   6.64,                   0.26,                   3.23
2008-11-27,58700,                  10.88,                   1.09,                   6.32,                   0.25,                   3.40
2008-11-28,60000,                  11.12,                   1.12,                   6.46,                   0.26,                   3.32
2008-12-01,59500,                  11.03,                   1.11,                   6.41,                   0.26,                   3.35
2008-12-02,59500,                  11.03,                   1.11,                   6.41,                   0.26,                   3.35
2008-12-03,60400,                  11.19,                   1.12,                   6.50,                   0.26,                   3.30
2008-12-04,60700,                  11.25,                   1.13,                   6.54,                   0.26,                   3.28
2008-12-05,60600,                  11.23,                   1.13,                   6.53,                   0.26,                   3.29
2008-12-08,60900,                  11.29,                   1.13,                   6.56,                   0.26,                   3.27
2008-12-09,61900,                  11.47,                   1.15,                   6.67,                   0.27,                   3.22
2008-12-10,60200,                  11.16,                   1.12,                   6.48,                   0.26,                   3.31
2008-12-11,62300,                  11.55,                   1.16,                   6.71,                   0.27,                   3.20
2008-12-12,62000,                  11.49,                   1.15,                   6.68,                   0.27,                   3.22
2008-12-15,63000,                  11.68,                   1.17,                   6.78,                   0.27,                   3.16
2008-12-16,64000,                  11.86,                   1.19,                   6.89,                   0.27,                   3.11
2008-12-17,64700,                  11.99,                   1.21,                   6.97,                   0.28,                   3.08
2008-12-18,69700,                  12.92,                   1.30,                   7.51,                   0.30,                   2.86
2008-12-19,63500,                  11.77,                   1.18,                   6.84,                   0.27,                   3.14
2008-12-22,64700,                  11.99,                   1.21,                   6.97,                   0.28,                   3.08
2008-12-23,62000,                  11.49,                   1.15,                   6.68,                   0.27,                   3.22
2008-12-24,63500,                  11.77,                   1.18,                   6.84,                   0.27,                   3.14
2008-12-26,63500,                  11.77,                   1.18,                   6.84,                   0.27,                   3.14
2008-12-29,68500,                  12.70,                   1.28,                   7.38,                   0.29,                   2.91
2008-12-30,62300,                  11.55,                   1.16,                   6.71,                   0.27,                   3.20
2009-01-02,62300,                  13.29,                   1.15,                   7.33,                   0.23,                   3.20
2009-01-05,62500,                  13.33,                   1.16,                   7.35,                   0.23,                   3.19
2009-01-06,63500,                  13.54,                   1.17,                   7.47,                   0.23,                   3.14
2009-01-07,63200,                  13.48,                   1.17,                   7.43,                   0.23,                   3.15
2009-01-08,62000,                  13.22,                   1.15,                   7.29,                   0.23,                   3.22
2009-01-09,62500,                  13.33,                   1.16,                   7.35,                   0.23,                   3.19
2009-01-12,62400,                  13.31,                   1.15,                   7.34,                   0.23,                   3.19
2009-01-13,62900,                  13.41,                   1.16,                   7.40,                   0.23,                   3.17
2009-01-14,62300,                  13.29,                   1.15,                   7.33,                   0.23,                   3.20
2009-01-15,61100,                  13.03,                   1.13,                   7.18,                   0.23,                   3.26
2009-01-16,60000,                  12.80,                   1.11,                   7.05,                   0.22,                   3.32
2009-01-19,60400,                  12.88,                   1.12,                   7.10,                   0.22,                   3.30
2009-01-20,60400,                  12.88,                   1.12,                   7.10,                   0.22,                   3.30
2009-01-21,59300,                  12.65,                   1.10,                   6.97,                   0.22,                   3.36
2009-01-22,60200,                  12.84,                   1.11,                   7.08,                   0.22,                   3.31
2009-01-23,59100,                  12.60,                   1.09,                   6.95,                   0.22,                   3.37
2009-01-28,59500,                  12.69,                   1.10,                   7.00,                   0.22,                   3.35
2009-01-29,60300,                  12.86,                   1.12,                   7.09,                   0.22,                   3.31
2009-01-30,60000,                  12.80,                   1.11,                   7.05,                   0.22,                   3.32
2009-02-02,60300,                  12.86,                   1.12,                   7.09,                   0.22,                   3.31
2009-02-03,61300,                  13.07,                   1.13,                   7.21,                   0.23,                   3.25
2009-02-04,60500,                  12.90,                   1.12,                   7.11,                   0.22,                   3.29
2009-02-05,59300,                  12.65,                   1.10,                   6.97,                   0.22,                   3.36
2009-02-06,59200,                  12.63,                   1.10,                   6.96,                   0.22,                   3.37
2009-02-09,59200,                  12.63,                   1.10,                   6.96,                   0.22,                   3.37
2009-02-10,61900,                  13.20,                   1.15,                   7.28,                   0.23,                   3.22
2009-02-11,60000,                  12.80,                   1.11,                   7.05,                   0.22,                   3.32
2009-02-12,61000,                  13.01,                   1.13,                   7.17,                   0.23,                   3.27
2009-02-13,59100,                  12.60,                   1.09,                   6.95,                   0.22,                   3.37
2009-02-16,59500,                  12.69,                   1.10,                   7.00,                   0.22,                   3.35
2009-02-17,59500,                  12.69,                   1.10,                   7.00,                   0.22,                   3.35
2009-02-18,59500,                  12.69,                   1.10,                   7.00,                   0.22,                   3.35
2009-02-19,60800,                  12.97,                   1.13,                   7.15,                   0.22,                   3.28
2009-02-20,60800,                  12.97,                   1.13,                   7.15,                   0.22,                   3.28
2009-02-23,61800,                  13.18,                   1.14,                   7.27,                   0.23,                   3.23
2009-02-24,61200,                  13.05,                   1.13,                   7.20,                   0.23,                   3.26
2009-02-25,61400,                  13.09,                   1.14,                   7.22,                   0.23,                   3.25
2009-02-26,60900,                  12.99,                   1.13,                   7.16,                   0.22,                   3.27
2009-02-27,60900,                  12.99,                   1.13,                   7.16,                   0.22,                   3.27
2009-03-02,60900,                  12.99,                   1.13,                   7.16,                   0.22,                   3.27
2009-03-03,58000,                  12.37,                   1.07,                   6.82,                   0.21,                   3.44
2009-03-04,61100,                  13.03,                   1.13,                   7.18,                   0.23,                   3.26
2009-03-05,60800,                  12.97,                   1.13,                   7.15,                   0.22,                   3.28
2009-03-06,60900,                  12.99,                   1.13,                   7.16,                   0.22,                   3.27
2009-03-09,61500,                  13.12,                   1.14,                   7.23,                   0.23,                   3.24
2009-03-10,61500,                  13.12,                   1.14,                   7.23,                   0.23,                   3.24
2009-03-11,61700,                  13.16,                   1.14,                   7.25,                   0.23,                   3.23
2009-03-12,60400,                  12.88,                   1.12,                   7.10,                   0.22,                   3.30
2009-03-13,61400,                  13.09,                   1.14,                   7.22,                   0.23,                   3.25
2009-03-16,60900,                  12.99,                   1.13,                   7.16,                   0.22,                   3.27
2009-03-17,59600,                  12.71,                   1.10,                   7.01,                   0.22,                   3.34
2009-03-18,59900,                  12.77,                   1.11,                   7.04,                   0.22,                   3.33
2009-03-19,60000,                  12.80,                   1.11,                   7.05,                   0.22,                   3.32
2009-03-20,60000,                  12.80,                   1.11,                   7.05,                   0.22,                   3.32
2009-03-23,59200,                  12.63,                   1.10,                   6.96,                   0.22,                   3.37
2009-03-24,59400,                  12.67,                   1.10,                   6.98,                   0.22,                   3.36
2009-03-25,60000,                  12.80,                   1.11,                   7.05,                   0.22,                   3.32
2009-03-26,60000,                  12.80,                   1.11,                   7.05,                   0.22,                   3.32
2009-03-27,60000,                  12.80,                   1.11,                   7.05,                   0.22,                   3.32
2009-03-30,60000,                  12.80,                   1.11,                   7.05,                   0.22,                   3.32
2009-03-31,59500,                  12.69,                   1.10,                   7.00,                   0.22,                   3.35
2009-04-01,60100,                  12.82,                   1.11,                   7.07,                   0.22,                   3.32
2009-04-02,60100,                  12.82,                   1.11,                   7.07,                   0.22,                   3.32
2009-04-03,60400,                  12.88,                   1.12,                   7.10,                   0.22,                   3.30
2009-04-06,62000,                  13.22,                   1.15,                   7.29,                   0.23,                   3.22
2009-04-07,62300,                  13.29,                   1.15,                   7.33,                   0.23,                   3.20
2009-04-08,62000,                  13.22,                   1.15,                   7.29,                   0.23,                   3.22
2009-04-09,63000,                  13.44,                   1.17,                   7.41,                   0.23,                   3.16
2009-04-10,63500,                  13.54,                   1.17,                   7.47,                   0.23,                   3.14
2009-04-13,64000,                  13.65,                   1.18,                   7.52,                   0.24,                   3.11
2009-04-14,63900,                  13.63,                   1.18,                   7.51,                   0.24,                   3.12
2009-04-15,64200,                  13.69,                   1.19,                   7.55,                   0.24,                   3.10
2009-04-16,64800,                  13.82,                   1.20,                   7.62,                   0.24,                   3.08
2009-04-17,64000,                  13.65,                   1.18,                   7.52,                   0.24,                   3.11
2009-04-20,65000,                  13.86,                   1.20,                   7.64,                   0.24,                   3.07
2009-04-21,63500,                  13.54,                   1.17,                   7.47,                   0.23,                   3.14
2009-04-22,65500,                  13.97,                   1.21,                   7.70,                   0.24,                   3.04
2009-04-23,67000,                  14.29,                   1.24,                   7.88,                   0.25,                   2.98
2009-04-24,65600,                  13.99,                   1.21,                   7.71,                   0.24,                   3.04
2009-04-27,71900,                  15.33,                   1.33,                   8.45,                   0.27,                   2.77
2009-04-28,72900,                  15.55,                   1.35,                   8.57,                   0.27,                   2.73
2009-04-29,65600,                  13.99,                   1.21,                   7.71,                   0.24,                   3.04
2009-04-30,65900,                  14.05,                   1.22,                   7.75,                   0.24,                   3.02
2009-05-04,63500,                  13.54,                   1.17,                   7.47,                   0.23,                   3.14
2009-05-06,63500,                  13.54,                   1.17,                   7.47,                   0.23,                   3.14
2009-05-07,64300,                  13.71,                   1.19,                   7.56,                   0.24,                   3.10
2009-05-08,64300,                  13.71,                   1.19,                   7.56,                   0.24,                   3.10
2009-05-11,64400,                  13.73,                   1.19,                   7.57,                   0.24,                   3.10
2009-05-12,64100,                  13.67,                   1.19,                   7.54,                   0.24,                   3.11
2009-05-13,64400,                  13.73,                   1.19,                   7.57,                   0.24,                   3.10
2009-05-14,64300,                  13.71,                   1.19,                   7.56,                   0.24,                   3.10
2009-05-15,63500,                  13.54,                   1.17,                   7.47,                   0.23,                   3.14
2009-05-18,68800,                  14.67,                   1.27,                   8.09,                   0.25,                   2.90
2009-05-19,66700,                  14.23,                   1.23,                   7.84,                   0.25,                   2.99
2009-05-20,67000,                  14.29,                   1.24,                   7.88,                   0.25,                   2.98
2009-05-21,67200,                  14.33,                   1.24,                   7.90,                   0.25,                   2.97
2009-05-22,67300,                  14.35,                   1.25,                   7.91,                   0.25,                   2.96
2009-05-25,69700,                  14.87,                   1.29,                   8.20,                   0.26,                   2.86
2009-05-26,65900,                  14.05,                   1.22,                   7.75,                   0.24,                   3.02
2009-05-27,66500,                  14.18,                   1.23,                   7.82,                   0.25,                   3.00
2009-05-28,66500,                  14.18,                   1.23,                   7.82,                   0.25,                   3.00
2009-05-29,68500,                  14.61,                   1.27,                   8.05,                   0.25,                   2.91
2009-06-01,68500,                  14.61,                   1.27,                   8.05,                   0.25,                   2.91
2009-06-02,67200,                  14.33,                   1.24,                   7.90,                   0.25,                   2.97
2009-06-03,68400,                  14.59,                   1.27,                   8.04,                   0.25,                   2.91
2009-06-04,67600,                  14.42,                   1.25,                   7.95,                   0.25,                   2.95
2009-06-05,65100,                  13.88,                   1.20,                   7.65,                   0.24,                   3.06
2009-06-08,64600,                  13.78,                   1.20,                   7.59,                   0.24,                   3.09
2009-06-09,64100,                  13.67,                   1.19,                   7.54,                   0.24,                   3.11
2009-06-10,63700,                  13.59,                   1.18,                   7.49,                   0.24,                   3.13
2009-06-11,64900,                  13.84,                   1.20,                   7.63,                   0.24,                   3.07
2009-06-12,65900,                  14.05,                   1.22,                   7.75,                   0.24,                   3.02
2009-06-15,65500,                  13.97,                   1.21,                   7.70,                   0.24,                   3.04
2009-06-16,65700,                  14.01,                   1.22,                   7.73,                   0.24,                   3.03
2009-06-17,64300,                  13.71,                   1.19,                   7.56,                   0.24,                   3.10
2009-06-18,64000,                  13.65,                   1.18,                   7.52,                   0.24,                   3.11
2009-06-19,63700,                  13.59,                   1.18,                   7.49,                   0.24,                   3.13
2009-06-22,63700,                  13.59,                   1.18,                   7.49,                   0.24,                   3.13
2009-06-23,63500,                  13.54,                   1.17,                   7.47,                   0.23,                   3.14
2009-06-24,61400,                  13.09,                   1.14,                   7.22,                   0.23,                   3.25
2009-06-25,61000,                  13.01,                   1.13,                   7.17,                   0.23,                   3.27
2009-06-26,61400,                  13.09,                   1.14,                   7.22,                   0.23,                   3.25
2009-06-29,61500,                  13.12,                   1.14,                   7.23,                   0.23,                   3.24
2009-06-30,61900,                  13.20,                   1.15,                   7.28,                   0.23,                   3.22
2009-07-01,63000,                  13.44,                   1.17,                   7.41,                   0.23,                   3.16
2009-07-02,62800,                  13.39,                   1.16,                   7.38,                   0.23,                   3.17
2009-07-03,64900,                  13.84,                   1.20,                   7.63,                   0.24,                   3.07
2009-07-06,64900,                  13.84,                   1.20,                   7.63,                   0.24,                   3.07
2009-07-07,65200,                  13.91,                   1.21,                   7.67,                   0.24,                   3.06
2009-07-08,68000,                  14.50,                   1.26,                   7.99,                   0.25,                   2.93
2009-07-09,68500,                  14.61,                   1.27,                   8.05,                   0.25,                   2.91
2009-07-10,68500,                  14.61,                   1.27,                   8.05,                   0.25,                   2.91
2009-07-13,70000,                  14.93,                   1.30,                   8.23,                   0.26,                   2.85
2009-07-14,71500,                  15.25,                   1.32,                   8.41,                   0.26,                   2.79
2009-07-15,72000,                  15.36,                   1.33,                   8.47,                   0.27,                   2.77
2009-07-16,73200,                  15.61,                   1.35,                   8.61,                   0.27,                   2.72
2009-07-17,73600,                  15.70,                   1.36,                   8.65,                   0.27,                   2.71
2009-07-20,79500,                  16.95,                   1.47,                   9.35,                   0.29,                   2.51
2009-07-21,80200,                  17.10,                   1.48,                   9.43,                   0.30,                   2.49
2009-07-22,80200,                  17.10,                   1.48,                   9.43,                   0.30,                   2.49
2009-07-23,81900,                  17.47,                   1.52,                   9.63,                   0.30,                   2.43
2009-07-24,84600,                  18.04,                   1.57,                   9.95,                   0.31,                   2.36
2009-07-27,86000,                  18.34,                   1.59,                  10.11,                   0.32,                   2.32
2009-07-28,86000,                  18.34,                   1.59,                  10.11,                   0.32,                   2.32
2009-07-29,86000,                  18.34,                   1.59,                  10.11,                   0.32,                   2.32
2009-07-30,88000,                  18.77,                   1.63,                  10.35,                   0.33,                   2.26
2009-07-31,87000,                  18.55,                   1.61,                  10.23,                   0.32,                   2.29
2009-08-03,85900,                  18.32,                   1.59,                  10.10,                   0.32,                   2.32
2009-08-04,85900,                  18.32,                   1.59,                  10.10,                   0.32,                   2.32
2009-08-05,85900,                  18.32,                   1.59,                  10.10,                   0.32,                   2.32
2009-08-06,87600,                  18.68,                   1.62,                  10.30,                   0.32,                   2.28
2009-08-07,87000,                  18.55,                   1.61,                  10.23,                   0.32,                   2.29
2009-08-10,87000,                  18.55,                   1.61,                  10.23,                   0.32,                   2.29
2009-08-11,87700,                  18.70,                   1.62,                  10.31,                   0.32,                   2.27
2009-08-12,86000,                  18.34,                   1.59,                  10.11,                   0.32,                   2.32
2009-08-13,86100,                  18.36,                   1.59,                  10.12,                   0.32,                   2.31
2009-08-14,88000,                  18.77,                   1.63,                  10.35,                   0.33,                   2.26
2009-08-17,101000,                  21.54,                   1.87,                  11.87,                   0.37,                   1.97
2009-08-18,96900,                  20.67,                   1.79,                  11.39,                   0.36,                   2.06
2009-08-19,96800,                  20.64,                   1.79,                  11.38,                   0.36,                   2.06
2009-08-20,100000,                  21.33,                   1.85,                  11.76,                   0.37,                   1.99
2009-08-21,115000,                  24.53,                   2.13,                  13.52,                   0.42,                   1.73
2009-08-24,129000,                  27.51,                   2.39,                  15.17,                   0.48,                   1.55
2009-08-25,110000,                  23.46,                   2.04,                  12.93,                   0.41,                   1.81
2009-08-26,110000,                  23.46,                   2.04,                  12.93,                   0.41,                   1.81
2009-08-27,97600,                  20.82,                   1.81,                  11.48,                   0.36,                   2.04
2009-08-28,92500,                  19.73,                   1.71,                  10.88,                   0.34,                   2.15
2009-08-31,84500,                  18.02,                   1.56,                   9.94,                   0.31,                   2.36
2009-09-01,96300,                  20.54,                   1.78,                  11.32,                   0.36,                   2.07
2009-09-02,90700,                  19.34,                   1.68,                  10.66,                   0.34,                   2.20
2009-09-03,87000,                  18.55,                   1.61,                  10.23,                   0.32,                   2.29
2009-09-04,88900,                  18.96,                   1.64,                  10.45,                   0.33,                   2.24
2009-09-07,87900,                  18.75,                   1.63,                  10.33,                   0.32,                   2.27
2009-09-08,87800,                  18.72,                   1.62,                  10.32,                   0.32,                   2.27
2009-09-09,87800,                  18.72,                   1.62,                  10.32,                   0.32,                   2.27
2009-09-10,86000,                  18.34,                   1.59,                  10.11,                   0.32,                   2.32
2009-09-11,88700,                  18.92,                   1.64,                  10.43,                   0.33,                   2.25
2009-09-14,90900,                  19.39,                   1.68,                  10.69,                   0.34,                   2.19
2009-09-15,88500,                  18.87,                   1.64,                  10.41,                   0.33,                   2.25
2009-09-16,87300,                  18.62,                   1.62,                  10.26,                   0.32,                   2.28
2009-09-17,87600,                  18.68,                   1.62,                  10.30,                   0.32,                   2.28
2009-09-18,87200,                  18.60,                   1.61,                  10.25,                   0.32,                   2.29
2009-09-21,86500,                  18.45,                   1.60,                  10.17,                   0.32,                   2.30
2009-09-22,86100,                  18.36,                   1.59,                  10.12,                   0.32,                   2.31
2009-09-23,85800,                  18.30,                   1.59,                  10.09,                   0.32,                   2.32
2009-09-24,86900,                  18.53,                   1.61,                  10.22,                   0.32,                   2.29
2009-09-25,85500,                  18.23,                   1.58,                  10.05,                   0.32,                   2.33
2009-09-28,85500,                  18.23,                   1.58,                  10.05,                   0.32,                   2.33
2009-09-29,85500,                  18.23,                   1.58,                  10.05,                   0.32,                   2.33
2009-09-30,85000,                  18.13,                   1.57,                   9.99,                   0.31,                   2.34
2009-10-01,83700,                  17.85,                   1.55,                   9.84,                   0.31,                   2.38
2009-10-05,83700,                  17.85,                   1.55,                   9.84,                   0.31,                   2.38
2009-10-06,82700,                  17.64,                   1.53,                   9.72,                   0.31,                   2.41
2009-10-07,82500,                  17.59,                   1.53,                   9.70,                   0.30,                   2.42
2009-10-08,83900,                  17.89,                   1.55,                   9.87,                   0.31,                   2.38
2009-10-09,84000,                  17.91,                   1.55,                   9.88,                   0.31,                   2.37
2009-10-12,85200,                  18.17,                   1.58,                  10.02,                   0.31,                   2.34
2009-10-13,85200,                  18.17,                   1.58,                  10.02,                   0.31,                   2.34
2009-10-14,85500,                  18.23,                   1.58,                  10.05,                   0.32,                   2.33
2009-10-15,85300,                  18.19,                   1.58,                  10.03,                   0.32,                   2.34
2009-10-16,85000,                  18.13,                   1.57,                   9.99,                   0.31,                   2.34
2009-10-19,85700,                  18.28,                   1.59,                  10.08,                   0.32,                   2.33
2009-10-20,86500,                  18.45,                   1.60,                  10.17,                   0.32,                   2.30
2009-10-21,90200,                  19.24,                   1.67,                  10.61,                   0.33,                   2.21
2009-10-22,85900,                  18.32,                   1.59,                  10.10,                   0.32,                   2.32
2009-10-23,85500,                  18.23,                   1.58,                  10.05,                   0.32,                   2.33
2009-10-26,98300,                  20.96,                   1.82,                  11.56,                   0.36,                   2.03
2009-10-27,98000,                  20.90,                   1.81,                  11.52,                   0.36,                   2.03
2009-10-28,89000,                  18.98,                   1.65,                  10.46,                   0.33,                   2.24
2009-10-29,86700,                  18.49,                   1.60,                  10.19,                   0.32,                   2.30
2009-10-30,84500,                  18.02,                   1.56,                   9.94,                   0.31,                   2.36
2009-11-02,84400,                  18.00,                   1.56,                   9.92,                   0.31,                   2.36
2009-11-03,84700,                  18.06,                   1.57,                   9.96,                   0.31,                   2.35
2009-11-04,85900,                  18.32,                   1.59,                  10.10,                   0.32,                   2.32
2009-11-05,85800,                  18.30,                   1.59,                  10.09,                   0.32,                   2.32
2009-11-06,85800,                  18.30,                   1.59,                  10.09,                   0.32,                   2.32
2009-11-09,86000,                  18.34,                   1.59,                  10.11,                   0.32,                   2.32
2009-11-10,85500,                  18.23,                   1.58,                  10.05,                   0.32,                   2.33
2009-11-11,85700,                  18.28,                   1.59,                  10.08,                   0.32,                   2.33
2009-11-12,85800,                  18.30,                   1.59,                  10.09,                   0.32,                   2.32
2009-11-13,85700,                  18.28,                   1.59,                  10.08,                   0.32,                   2.33
2009-11-16,88800,                  18.94,                   1.64,                  10.44,                   0.33,                   2.24
2009-11-17,93900,                  20.03,                   1.74,                  11.04,                   0.35,                   2.12
2009-11-18,91200,                  19.45,                   1.69,                  10.72,                   0.34,                   2.19
2009-11-19,88500,                  18.87,                   1.64,                  10.41,                   0.33,                   2.25
2009-11-20,88000,                  18.77,                   1.63,                  10.35,                   0.33,                   2.26
2009-11-23,89000,                  18.98,                   1.65,                  10.46,                   0.33,                   2.24
2009-11-24,85900,                  18.32,                   1.59,                  10.10,                   0.32,                   2.32
2009-11-25,86400,                  18.43,                   1.60,                  10.16,                   0.32,                   2.31
2009-11-26,92600,                  19.75,                   1.71,                  10.89,                   0.34,                   2.15
2009-11-27,106000,                  22.61,                   1.96,                  12.46,                   0.39,                   1.88
2009-11-30,90500,                  19.30,                   1.67,                  10.64,                   0.33,                   2.20
2009-12-01,82600,                  17.62,                   1.53,                   9.71,                   0.31,                   2.41
2009-12-02,83200,                  17.74,                   1.54,                   9.78,                   0.31,                   2.40
2009-12-03,82500,                  17.59,                   1.53,                   9.70,                   0.30,                   2.42
2009-12-04,83000,                  17.70,                   1.54,                   9.76,                   0.31,                   2.40
2009-12-07,84200,                  17.96,                   1.56,                   9.90,                   0.31,                   2.37
2009-12-08,86000,                  18.34,                   1.59,                  10.11,                   0.32,                   2.32
2009-12-09,90500,                  19.30,                   1.67,                  10.64,                   0.33,                   2.20
2009-12-10,91200,                  19.45,                   1.69,                  10.72,                   0.34,                   2.19
2009-12-11,89000,                  18.98,                   1.65,                  10.46,                   0.33,                   2.24
2009-12-14,91000,                  19.41,                   1.68,                  10.70,                   0.34,                   2.19
2009-12-15,90800,                  19.36,                   1.68,                  10.68,                   0.34,                   2.20
2009-12-16,90300,                  19.26,                   1.67,                  10.62,                   0.33,                   2.21
2009-12-17,89600,                  19.11,                   1.66,                  10.53,                   0.33,                   2.22
2009-12-18,89700,                  19.13,                   1.66,                  10.55,                   0.33,                   2.22
2009-12-21,88200,                  18.81,                   1.63,                  10.37,                   0.33,                   2.26
2009-12-22,88200,                  18.81,                   1.63,                  10.37,                   0.33,                   2.26
2009-12-23,88800,                  18.94,                   1.64,                  10.44,                   0.33,                   2.24
2009-12-24,89800,                  19.15,                   1.66,                  10.56,                   0.33,                   2.22
2009-12-28,89000,                  18.98,                   1.65,                  10.46,                   0.33,                   2.24
2009-12-29,88900,                  18.96,                   1.64,                  10.45,                   0.33,                   2.24
2009-12-30,88000,                  18.77,                   1.63,                  10.35,                   0.33,                   2.26
2010-01-04,88100,                  10.67,                   1.18,                   6.74,                   0.26,                   2.83
2010-01-05,89000,                  10.78,                   1.20,                   6.81,                   0.27,                   2.80
2010-01-06,88700,                  10.74,                   1.19,                   6.78,                   0.27,                   2.81
2010-01-07,88200,                  10.68,                   1.19,                   6.74,                   0.26,                   2.82
2010-01-08,88000,                  10.66,                   1.18,                   6.73,                   0.26,                   2.83
2010-01-11,87900,                  10.65,                   1.18,                   6.72,                   0.26,                   2.83
2010-01-12,88000,                  10.66,                   1.18,                   6.73,                   0.26,                   2.83
2010-01-13,88100,                  10.67,                   1.18,                   6.74,                   0.26,                   2.83
2010-01-14,90000,                  10.90,                   1.21,                   6.88,                   0.27,                   2.77
2010-01-15,90600,                  10.98,                   1.22,                   6.93,                   0.27,                   2.75
2010-01-18,89800,                  10.88,                   1.21,                   6.87,                   0.27,                   2.77
2010-01-19,89800,                  10.88,                   1.21,                   6.87,                   0.27,                   2.77
2010-01-20,88800,                  10.76,                   1.19,                   6.79,                   0.27,                   2.81
2010-01-21,88000,                  10.66,                   1.18,                   6.73,                   0.26,                   2.83
2010-01-22,87100,                  10.55,                   1.17,                   6.66,                   0.26,                   2.86
2010-01-25,86000,                  10.42,                   1.16,                   6.58,                   0.26,                   2.90
2010-01-26,87900,                  10.65,                   1.18,                   6.72,                   0.26,                   2.83
2010-01-27,86000,                  10.42,                   1.16,                   6.58,                   0.26,                   2.90
2010-01-28,86000,                  10.42,                   1.16,                   6.58,                   0.26,                   2.90
2010-01-29,86200,                  10.44,                   1.16,                   6.59,                   0.26,                   2.89
2010-02-01,86100,                  10.43,                   1.16,                   6.58,                   0.26,                   2.89
2010-02-02,86400,                  10.47,                   1.16,                   6.61,                   0.26,                   2.88
2010-02-03,85100,                  10.31,                   1.14,                   6.51,                   0.25,                   2.93
2010-02-04,85300,                  10.33,                   1.15,                   6.52,                   0.25,                   2.92
2010-02-05,82500,                   9.99,                   1.11,                   6.31,                   0.25,                   3.02
2010-02-08,84600,                  10.25,                   1.14,                   6.47,                   0.25,                   2.94
2010-02-09,86000,                  10.42,                   1.16,                   6.58,                   0.26,                   2.90
2010-02-10,86000,                  10.42,                   1.16,                   6.58,                   0.26,                   2.90
2010-02-11,86500,                  10.48,                   1.16,                   6.61,                   0.26,                   2.88
2010-02-12,87400,                  10.59,                   1.17,                   6.68,                   0.26,                   2.85
2010-02-16,88500,                  10.72,                   1.19,                   6.77,                   0.26,                   2.82
2010-02-17,90900,                  11.01,                   1.22,                   6.95,                   0.27,                   2.74
2010-02-18,89900,                  10.89,                   1.21,                   6.87,                   0.27,                   2.77
2010-02-19,91900,                  11.13,                   1.23,                   7.03,                   0.27,                   2.71
2010-02-22,90000,                  10.90,                   1.21,                   6.88,                   0.27,                   2.77
2010-02-23,91300,                  11.06,                   1.23,                   6.98,                   0.27,                   2.73
2010-02-24,91300,                  11.06,                   1.23,                   6.98,                   0.27,                   2.73
2010-02-25,91600,                  11.10,                   1.23,                   7.00,                   0.27,                   2.72
2010-02-26,92500,                  11.21,                   1.24,                   7.07,                   0.28,                   2.69
2010-03-02,95400,                  11.56,                   1.28,                   7.29,                   0.29,                   2.61
2010-03-03,93900,                  11.37,                   1.26,                   7.18,                   0.28,                   2.65
2010-03-04,91800,                  11.12,                   1.23,                   7.02,                   0.27,                   2.71
2010-03-05,91500,                  11.08,                   1.23,                   7.00,                   0.27,                   2.72
2010-03-08,91900,                  11.13,                   1.23,                   7.03,                   0.27,                   2.71
2010-03-09,95000,                  11.51,                   1.28,                   7.26,                   0.28,                   2.62
2010-03-10,97000,                  11.75,                   1.30,                   7.42,                   0.29,                   2.57
2010-03-11,94600,                  11.46,                   1.27,                   7.23,                   0.28,                   2.63
2010-03-12,95500,                  11.57,                   1.28,                   7.30,                   0.29,                   2.61
2010-03-15,93000,                  11.27,                   1.25,                   7.11,                   0.28,                   2.68
2010-03-16,93400,                  11.31,                   1.25,                   7.14,                   0.28,                   2.67
2010-03-17,93400,                  11.31,                   1.25,                   7.14,                   0.28,                   2.67
2010-03-18,93900,                  11.37,                   1.26,                   7.18,                   0.28,                   2.65
2010-03-19,93900,                  11.37,                   1.26,                   7.18,                   0.28,                   2.65
2010-03-22,92800,                  11.24,                   1.25,                   7.10,                   0.28,                   2.68
2010-03-23,94500,                  11.45,                   1.27,                   7.23,                   0.28,                   2.64
2010-03-24,94000,                  11.39,                   1.26,                   7.19,                   0.28,                   2.65
2010-03-25,92900,                  11.25,                   1.25,                   7.10,                   0.28,                   2.68
2010-03-26,93000,                  11.27,                   1.25,                   7.11,                   0.28,                   2.68
2010-03-29,92500,                  11.21,                   1.24,                   7.07,                   0.28,                   2.69
2010-03-30,92200,                  11.17,                   1.24,                   7.05,                   0.28,                   2.70
2010-03-31,93900,                  11.37,                   1.26,                   7.18,                   0.28,                   2.65
2010-04-01,92000,                  11.14,                   1.24,                   7.03,                   0.28,                   2.71
2010-04-02,91500,                  11.08,                   1.23,                   7.00,                   0.27,                   2.72
2010-04-05,92800,                  11.24,                   1.25,                   7.10,                   0.28,                   2.68
2010-04-06,91000,                  11.02,                   1.22,                   6.96,                   0.27,                   2.74
2010-04-07,89400,                  10.83,                   1.20,                   6.84,                   0.27,                   2.79
2010-04-08,88600,                  10.73,                   1.19,                   6.77,                   0.26,                   2.81
2010-04-09,90800,                  11.00,                   1.22,                   6.94,                   0.27,                   2.74
2010-04-12,88900,                  10.77,                   1.19,                   6.80,                   0.27,                   2.80
2010-04-13,88500,                  10.72,                   1.19,                   6.77,                   0.26,                   2.82
2010-04-14,88500,                  10.72,                   1.19,                   6.77,                   0.26,                   2.82
2010-04-15,88500,                  10.72,                   1.19,                   6.77,                   0.26,                   2.82
2010-04-16,90500,                  10.96,                   1.22,                   6.92,                   0.27,                   2.75
2010-04-19,90100,                  10.91,                   1.21,                   6.89,                   0.27,                   2.77
2010-04-20,89800,                  10.88,                   1.21,                   6.87,                   0.27,                   2.77
2010-04-21,89500,                  10.84,                   1.20,                   6.84,                   0.27,                   2.78
2010-04-22,91500,                  11.08,                   1.23,                   7.00,                   0.27,                   2.72
2010-04-23,92400,                  11.19,                   1.24,                   7.06,                   0.28,                   2.70
2010-04-26,92200,                  11.17,                   1.24,                   7.05,                   0.28,                   2.70
2010-04-27,91200,                  11.05,                   1.23,                   6.97,                   0.27,                   2.73
2010-04-28,93000,                  11.27,                   1.25,                   7.11,                   0.28,                   2.68
2010-04-29,89700,                  10.87,                   1.21,                   6.86,                   0.27,                   2.78
2010-04-30,90200,                  10.93,                   1.21,                   6.90,                   0.27,                   2.76
2010-05-03,91400,                  11.07,                   1.23,                   6.99,                   0.27,                   2.73
2010-05-04,88100,                  10.67,                   1.18,                   6.74,                   0.26,                   2.83
2010-05-06,87000,                  10.54,                   1.17,                   6.65,                   0.26,                   2.86
2010-05-07,85000,                  10.30,                   1.14,                   6.50,                   0.25,                   2.93
2010-05-10,85800,                  10.39,                   1.15,                   6.56,                   0.26,                   2.90
2010-05-11,84300,                  10.21,                   1.13,                   6.45,                   0.25,                   2.96
2010-05-12,85000,                  10.30,                   1.14,                   6.50,                   0.25,                   2.93
2010-05-13,85900,                  10.41,                   1.15,                   6.57,                   0.26,                   2.90
2010-05-14,87000,                  10.54,                   1.17,                   6.65,                   0.26,                   2.86
2010-05-17,86500,                  10.48,                   1.16,                   6.61,                   0.26,                   2.88
2010-05-18,86500,                  10.48,                   1.16,                   6.61,                   0.26,                   2.88
2010-05-19,84200,                  10.20,                   1.13,                   6.44,                   0.25,                   2.96
2010-05-20,83800,                  10.15,                   1.13,                   6.41,                   0.25,                   2.97
2010-05-24,83500,                  10.11,                   1.12,                   6.38,                   0.25,                   2.98
2010-05-25,82500,                   9.99,                   1.11,                   6.31,                   0.25,                   3.02
2010-05-26,81100,                   9.82,                   1.09,                   6.20,                   0.24,                   3.07
2010-05-27,81700,                   9.90,                   1.10,                   6.25,                   0.24,                   3.05
2010-05-28,83000,                  10.05,                   1.12,                   6.35,                   0.25,                   3.00
2010-05-31,83500,                  10.11,                   1.12,                   6.38,                   0.25,                   2.98
2010-06-01,82700,                  10.02,                   1.11,                   6.32,                   0.25,                   3.01
2010-06-03,83000,                  10.05,                   1.12,                   6.35,                   0.25,                   3.00
2010-06-04,82800,                  10.03,                   1.11,                   6.33,                   0.25,                   3.01
2010-06-07,83000,                  10.05,                   1.12,                   6.35,                   0.25,                   3.00
2010-06-08,83000,                  10.05,                   1.12,                   6.35,                   0.25,                   3.00
2010-06-09,82900,                  10.04,                   1.11,                   6.34,                   0.25,                   3.01
2010-06-10,83500,                  10.11,                   1.12,                   6.38,                   0.25,                   2.98
2010-06-11,83300,                  10.09,                   1.12,                   6.37,                   0.25,                   2.99
2010-06-14,83400,                  10.10,                   1.12,                   6.38,                   0.25,                   2.99
2010-06-15,83400,                  10.10,                   1.12,                   6.38,                   0.25,                   2.99
2010-06-16,82700,                  10.02,                   1.11,                   6.32,                   0.25,                   3.01
2010-06-17,82100,                   9.95,                   1.10,                   6.28,                   0.25,                   3.03
2010-06-18,81800,                   9.91,                   1.10,                   6.25,                   0.24,                   3.05
2010-06-21,81900,                   9.92,                   1.10,                   6.26,                   0.24,                   3.04
2010-06-22,82700,                  10.02,                   1.11,                   6.32,                   0.25,                   3.01
2010-06-23,82400,                   9.98,                   1.11,                   6.30,                   0.25,                   3.02
2010-06-24,83500,                  10.11,                   1.12,                   6.38,                   0.25,                   2.98
2010-06-25,86000,                  10.42,                   1.16,                   6.58,                   0.26,                   2.90
2010-06-28,87700,                  10.62,                   1.18,                   6.71,                   0.26,                   2.84
2010-06-29,86300,                  10.45,                   1.16,                   6.60,                   0.26,                   2.89
2010-06-30,86300,                  10.45,                   1.16,                   6.60,                   0.26,                   2.89
2010-07-01,82700,                  10.02,                   1.11,                   6.32,                   0.25,                   3.01
2010-07-02,83200,                  10.08,                   1.12,                   6.36,                   0.25,                   2.99
2010-07-05,85200,                  10.32,                   1.14,                   6.51,                   0.25,                   2.92
2010-07-06,85600,                  10.37,                   1.15,                   6.55,                   0.26,                   2.91
2010-07-07,84900,                  10.28,                   1.14,                   6.49,                   0.25,                   2.93
2010-07-08,84400,                  10.22,                   1.13,                   6.45,                   0.25,                   2.95
2010-07-09,85000,                  10.30,                   1.14,                   6.50,                   0.25,                   2.93
2010-07-12,87300,                  10.57,                   1.17,                   6.67,                   0.26,                   2.85
2010-07-13,85900,                  10.41,                   1.15,                   6.57,                   0.26,                   2.90
2010-07-14,84200,                  10.20,                   1.13,                   6.44,                   0.25,                   2.96
2010-07-15,85200,                  10.32,                   1.14,                   6.51,                   0.25,                   2.92
2010-07-16,88500,                  10.72,                   1.19,                   6.77,                   0.26,                   2.82
2010-07-19,87800,                  10.64,                   1.18,                   6.71,                   0.26,                   2.84
2010-07-20,85900,                  10.41,                   1.15,                   6.57,                   0.26,                   2.90
2010-07-21,85000,                  10.30,                   1.14,                   6.50,                   0.25,                   2.93
2010-07-22,84000,                  10.18,                   1.13,                   6.42,                   0.25,                   2.97
2010-07-23,85000,                  10.30,                   1.14,                   6.50,                   0.25,                   2.93
2010-07-26,85000,                  10.30,                   1.14,                   6.50,                   0.25,                   2.93
2010-07-27,85100,                  10.31,                   1.14,                   6.51,                   0.25,                   2.93
2010-07-28,85000,                  10.30,                   1.14,                   6.50,                   0.25,                   2.93
2010-07-29,85000,                  10.30,                   1.14,                   6.50,                   0.25,                   2.93
2010-07-30,85600,                  10.37,                   1.15,                   6.55,                   0.26,                   2.91
2010-08-02,85500,                  10.36,                   1.15,                   6.54,                   0.26,                   2.91
2010-08-03,85500,                  10.36,                   1.15,                   6.54,                   0.26,                   2.91
2010-08-04,85500,                  10.36,                   1.15,                   6.54,                   0.26,                   2.91
2010-08-05,85500,                  10.36,                   1.15,                   6.54,                   0.26,                   2.91
2010-08-06,88200,                  10.68,                   1.19,                   6.74,                   0.26,                   2.82
2010-08-09,88200,                  10.68,                   1.19,                   6.74,                   0.26,                   2.82
2010-08-10,88300,                  10.70,                   1.19,                   6.75,                   0.26,                   2.82
2010-08-11,88000,                  10.66,                   1.18,                   6.73,                   0.26,                   2.83
2010-08-12,89500,                  10.84,                   1.20,                   6.84,                   0.27,                   2.78
2010-08-13,90000,                  10.90,                   1.21,                   6.88,                   0.27,                   2.77
2010-08-16,90000,                  10.90,                   1.21,                   6.88,                   0.27,                   2.77
2010-08-17,91500,                  11.08,                   1.23,                   7.00,                   0.27,                   2.72
2010-08-18,92400,                  11.19,                   1.24,                   7.06,                   0.28,                   2.70
2010-08-19,93000,                  11.27,                   1.25,                   7.11,                   0.28,                   2.68
2010-08-20,92400,                  11.19,                   1.24,                   7.06,                   0.28,                   2.70
2010-08-23,92100,                  11.16,                   1.24,                   7.04,                   0.28,                   2.71
2010-08-24,91600,                  11.10,                   1.23,                   7.00,                   0.27,                   2.72
2010-08-25,92500,                  11.21,                   1.24,                   7.07,                   0.28,                   2.69
2010-08-26,91700,                  11.11,                   1.23,                   7.01,                   0.27,                   2.72
2010-08-27,90800,                  11.00,                   1.22,                   6.94,                   0.27,                   2.74
2010-08-30,90900,                  11.01,                   1.22,                   6.95,                   0.27,                   2.74
2010-08-31,91900,                  11.13,                   1.23,                   7.03,                   0.27,                   2.71
2010-09-01,91700,                  11.11,                   1.23,                   7.01,                   0.27,                   2.72
2010-09-02,91700,                  11.11,                   1.23,                   7.01,                   0.27,                   2.72
2010-09-03,92800,                  11.24,                   1.25,                   7.10,                   0.28,                   2.68
2010-09-06,92800,                  11.24,                   1.25,                   7.10,                   0.28,                   2.68
2010-09-07,91600,                  11.10,                   1.23,                   7.00,                   0.27,                   2.72
2010-09-08,91900,                  11.13,                   1.23,                   7.03,                   0.27,                   2.71
2010-09-09,92000,                  11.14,                   1.24,                   7.03,                   0.28,                   2.71
2010-09-10,91000,                  11.02,                   1.22,                   6.96,                   0.27,                   2.74
2010-09-13,91300,                  11.06,                   1.23,                   6.98,                   0.27,                   2.73
2010-09-14,91300,                  11.06,                   1.23,                   6.98,                   0.27,                   2.73
2010-09-15,91900,                  11.13,                   1.23,                   7.03,                   0.27,                   2.71
2010-09-16,90800,                  11.00,                   1.22,                   6.94,                   0.27,                   2.74
2010-09-17,91500,                  11.08,                   1.23,                   7.00,                   0.27,                   2.72
2010-09-20,92000,                  11.14,                   1.24,                   7.03,                   0.28,                   2.71
2010-09-24,96000,                  11.63,                   1.29,                   7.34,                   0.29,                   2.60
2010-09-27,98000,                  11.87,                   1.32,                   7.49,                   0.29,                   2.54
2010-09-28,96900,                  11.74,                   1.30,                   7.41,                   0.29,                   2.57
2010-09-29,100000,                  12.11,                   1.34,                   7.65,                   0.30,                   2.49
2010-09-30,115000,                  13.93,                   1.55,                   8.79,                   0.34,                   2.17
2010-10-01,132000,                  15.99,                   1.77,                  10.09,                   0.39,                   1.89
2010-10-04,126500,                  15.32,                   1.70,                   9.67,                   0.38,                   1.97
2010-10-05,118500,                  14.35,                   1.59,                   9.06,                   0.35,                   2.10
2010-10-06,116000,                  14.05,                   1.56,                   8.87,                   0.35,                   2.15
2010-10-07,115000,                  13.93,                   1.55,                   8.79,                   0.34,                   2.17
2010-10-08,111500,                  13.51,                   1.50,                   8.53,                   0.33,                   2.23
2010-10-11,110500,                  13.39,                   1.48,                   8.45,                   0.33,                   2.25
2010-10-12,108500,                  13.14,                   1.46,                   8.30,                   0.32,                   2.30
2010-10-13,108500,                  13.14,                   1.46,                   8.30,                   0.32,                   2.30
2010-10-14,112500,                  13.63,                   1.51,                   8.60,                   0.34,                   2.21
2010-10-15,110000,                  13.32,                   1.48,                   8.41,                   0.33,                   2.26
2010-10-18,108500,                  13.14,                   1.46,                   8.30,                   0.32,                   2.30
2010-10-19,109500,                  13.26,                   1.47,                   8.37,                   0.33,                   2.28
2010-10-20,112000,                  13.57,                   1.50,                   8.56,                   0.33,                   2.22
2010-10-21,119500,                  14.48,                   1.61,                   9.14,                   0.36,                   2.08
2010-10-22,123500,                  14.96,                   1.66,                   9.44,                   0.37,                   2.02
2010-10-25,119500,                  14.48,                   1.61,                   9.14,                   0.36,                   2.08
2010-10-26,119000,                  14.42,                   1.60,                   9.10,                   0.36,                   2.09
2010-10-27,117000,                  14.17,                   1.57,                   8.95,                   0.35,                   2.13
2010-10-28,117500,                  14.23,                   1.58,                   8.98,                   0.35,                   2.12
2010-10-29,118500,                  14.35,                   1.59,                   9.06,                   0.35,                   2.10
2010-11-01,116500,                  14.11,                   1.57,                   8.91,                   0.35,                   2.14
2010-11-02,114500,                  13.87,                   1.54,                   8.75,                   0.34,                   2.18
2010-11-03,113500,                  13.75,                   1.52,                   8.68,                   0.34,                   2.20
2010-11-04,115500,                  13.99,                   1.55,                   8.83,                   0.35,                   2.16
2010-11-05,118000,                  14.29,                   1.59,                   9.02,                   0.35,                   2.11
2010-11-08,115500,                  13.99,                   1.55,                   8.83,                   0.35,                   2.16
2010-11-09,119000,                  14.42,                   1.60,                   9.10,                   0.36,                   2.09
2010-11-10,118500,                  14.35,                   1.59,                   9.06,                   0.35,                   2.10
2010-11-11,118000,                  14.29,                   1.59,                   9.02,                   0.35,                   2.11
2010-11-12,118500,                  14.35,                   1.59,                   9.06,                   0.35,                   2.10
2010-11-15,120000,                  14.54,                   1.61,                   9.18,                   0.36,                   2.08
2010-11-16,125500,                  15.20,                   1.69,                   9.60,                   0.38,                   1.99
2010-11-17,123000,                  14.90,                   1.65,                   9.40,                   0.37,                   2.03
2010-11-18,121000,                  14.66,                   1.63,                   9.25,                   0.36,                   2.06
2010-11-19,123500,                  14.96,                   1.66,                   9.44,                   0.37,                   2.02
2010-11-22,123500,                  14.96,                   1.66,                   9.44,                   0.37,                   2.02
2010-11-23,120500,                  14.60,                   1.62,                   9.21,                   0.36,                   2.07
2010-11-24,119000,                  14.42,                   1.60,                   9.10,                   0.36,                   2.09
2010-11-25,120000,                  14.54,                   1.61,                   9.18,                   0.36,                   2.08
2010-11-26,116000,                  14.05,                   1.56,                   8.87,                   0.35,                   2.15
2010-11-29,117000,                  14.17,                   1.57,                   8.95,                   0.35,                   2.13
2010-11-30,118000,                  14.29,                   1.59,                   9.02,                   0.35,                   2.11
2010-12-01,123000,                  14.90,                   1.65,                   9.40,                   0.37,                   2.03
2010-12-02,123000,                  14.90,                   1.65,                   9.40,                   0.37,                   2.03
2010-12-03,123000,                  14.90,                   1.65,                   9.40,                   0.37,                   2.03
2010-12-06,125000,                  15.14,                   1.68,                   9.56,                   0.37,                   1.99
2010-12-07,124000,                  15.02,                   1.67,                   9.48,                   0.37,                   2.01
2010-12-08,124000,                  15.02,                   1.67,                   9.48,                   0.37,                   2.01
2010-12-09,127000,                  15.38,                   1.71,                   9.71,                   0.38,                   1.96
2010-12-10,125500,                  15.20,                   1.69,                   9.60,                   0.38,                   1.99
2010-12-13,127000,                  15.38,                   1.71,                   9.71,                   0.38,                   1.96
2010-12-14,125500,                  15.20,                   1.69,                   9.60,                   0.38,                   1.99
2010-12-15,123000,                  14.90,                   1.65,                   9.40,                   0.37,                   2.03
2010-12-16,123000,                  14.90,                   1.65,                   9.40,                   0.37,                   2.03
2010-12-17,125000,                  15.14,                   1.68,                   9.56,                   0.37,                   1.99
2010-12-20,124000,                  15.02,                   1.67,                   9.48,                   0.37,                   2.01
2010-12-21,125000,                  15.14,                   1.68,                   9.56,                   0.37,                   1.99
2010-12-22,120000,                  14.54,                   1.61,                   9.18,                   0.36,                   2.08
2010-12-23,121500,                  14.72,                   1.63,                   9.29,                   0.36,                   2.05
2010-12-24,122500,                  14.84,                   1.65,                   9.37,                   0.37,                   2.03
2010-12-27,122500,                  14.84,                   1.65,                   9.37,                   0.37,                   2.03
2010-12-28,121000,                  14.66,                   1.63,                   9.25,                   0.36,                   2.06
2010-12-29,117500,                  14.23,                   1.58,                   8.98,                   0.35,                   2.12
2010-12-30,116500,                  14.11,                   1.57,                   8.91,                   0.35,                   2.14
2011-01-03,116000,                   7.27,                   0.92,                   5.85,                   0.63,                   2.79
2011-01-04,116500,                   7.30,                   0.93,                   5.87,                   0.63,                   2.78
2011-01-05,116500,                   7.30,                   0.93,                   5.87,                   0.63,                   2.78
2011-01-06,117000,                   7.33,                   0.93,                   5.90,                   0.63,                   2.77
2011-01-07,118000,                   7.39,                   0.94,                   5.95,                   0.64,                   2.74
2011-01-10,117500,                   7.36,                   0.94,                   5.92,                   0.64,                   2.76
2011-01-11,117500,                   7.36,                   0.94,                   5.92,                   0.64,                   2.76
2011-01-12,118000,                   7.39,                   0.94,                   5.95,                   0.64,                   2.74
2011-01-13,118500,                   7.42,                   0.94,                   5.97,                   0.64,                   2.73
2011-01-14,120000,                   7.52,                   0.96,                   6.05,                   0.65,                   2.70
2011-01-17,124000,                   7.77,                   0.99,                   6.25,                   0.67,                   2.61
2011-01-18,126000,                   7.89,                   1.00,                   6.35,                   0.68,                   2.57
2011-01-19,130000,                   8.15,                   1.04,                   6.55,                   0.70,                   2.49
2011-01-20,128000,                   8.02,                   1.02,                   6.45,                   0.69,                   2.53
2011-01-21,127000,                   7.96,                   1.01,                   6.40,                   0.69,                   2.55
2011-01-24,130000,                   8.15,                   1.04,                   6.55,                   0.70,                   2.49
2011-01-25,139500,                   8.74,                   1.11,                   7.03,                   0.75,                   2.32
2011-01-26,138000,                   8.65,                   1.10,                   6.95,                   0.75,                   2.35
2011-01-27,146000,                   9.15,                   1.16,                   7.36,                   0.79,                   2.22
2011-01-28,149500,                   9.37,                   1.19,                   7.53,                   0.81,                   2.17
2011-01-31,129000,                   8.79,                   1.12,                   7.07,                   0.76,                   2.31
2011-02-01,132000,                   8.99,                   1.14,                   7.23,                   0.78,                   2.26
2011-02-07,132000,                   8.99,                   1.14,                   7.23,                   0.78,                   2.26
2011-02-08,131000,                   8.92,                   1.13,                   7.18,                   0.77,                   2.27
2011-02-09,131000,                   8.92,                   1.13,                   7.18,                   0.77,                   2.27
2011-02-10,125000,                   8.51,                   1.08,                   6.85,                   0.73,                   2.38
2011-02-11,119500,                   8.14,                   1.04,                   6.55,                   0.70,                   2.49
2011-02-14,122000,                   8.31,                   1.06,                   6.68,                   0.72,                   2.44
2011-02-15,115000,                   7.83,                   1.00,                   6.30,                   0.68,                   2.59
2011-02-16,115000,                   7.83,                   1.00,                   6.30,                   0.68,                   2.59
2011-02-17,113000,                   7.70,                   0.98,                   6.19,                   0.66,                   2.64
2011-02-18,114500,                   7.80,                   0.99,                   6.27,                   0.67,                   2.60
2011-02-21,110500,                   7.53,                   0.96,                   6.05,                   0.65,                   2.70
2011-02-22,110500,                   7.53,                   0.96,                   6.05,                   0.65,                   2.70
2011-02-23,112000,                   7.63,                   0.97,                   6.14,                   0.66,                   2.66
2011-02-24,112500,                   7.66,                   0.97,                   6.16,                   0.66,                   2.65
2011-02-25,109500,                   7.46,                   0.95,                   6.00,                   0.64,                   2.72
2011-02-28,110000,                   7.49,                   0.95,                   6.03,                   0.65,                   2.71
2011-03-02,112500,                   7.66,                   0.97,                   6.16,                   0.66,                   2.65
2011-03-03,111500,                   7.60,                   0.97,                   6.11,                   0.66,                   2.67
2011-03-04,113000,                   7.70,                   0.98,                   6.19,                   0.66,                   2.64
2011-03-07,112500,                   7.66,                   0.97,                   6.16,                   0.66,                   2.65
2011-03-08,113000,                   7.70,                   0.98,                   6.19,                   0.66,                   2.64
2011-03-09,115000,                   7.83,                   1.00,                   6.30,                   0.68,                   2.59
2011-03-10,117000,                   7.97,                   1.01,                   6.41,                   0.69,                   2.55
2011-03-11,119500,                   8.14,                   1.04,                   6.55,                   0.70,                   2.49
2011-03-14,119500,                   8.14,                   1.04,                   6.55,                   0.70,                   2.49
2011-03-15,118000,                   8.04,                   1.02,                   6.47,                   0.69,                   2.52
2011-03-16,118000,                   8.04,                   1.02,                   6.47,                   0.69,                   2.52
2011-03-17,116000,                   7.90,                   1.00,                   6.36,                   0.68,                   2.57
2011-03-18,119500,                   8.14,                   1.04,                   6.55,                   0.70,                   2.49
2011-03-21,119000,                   8.11,                   1.03,                   6.52,                   0.70,                   2.50
2011-03-22,117000,                   7.97,                   1.01,                   6.41,                   0.69,                   2.55
2011-03-23,118000,                   8.04,                   1.02,                   6.47,                   0.69,                   2.52
2011-03-24,118000,                   8.04,                   1.02,                   6.47,                   0.69,                   2.52
2011-03-25,118500,                   8.07,                   1.03,                   6.49,                   0.70,                   2.51
2011-03-28,119500,                   8.14,                   1.04,                   6.55,                   0.70,                   2.49
2011-03-29,118500,                   8.07,                   1.03,                   6.49,                   0.70,                   2.51
2011-03-30,120000,                   8.17,                   1.04,                   6.57,                   0.71,                   2.48
2011-03-31,130000,                   8.86,                   1.13,                   7.12,                   0.76,                   2.29
2011-04-01,132000,                   8.99,                   1.14,                   7.23,                   0.78,                   2.26
2011-04-04,134000,                   9.13,                   1.16,                   7.34,                   0.79,                   2.22
2011-04-05,134000,                   9.13,                   1.16,                   7.34,                   0.79,                   2.22
2011-04-06,130500,                   8.89,                   1.13,                   7.15,                   0.77,                   2.28
2011-04-07,123000,                   8.38,                   1.07,                   6.74,                   0.72,                   2.42
2011-04-08,125500,                   8.55,                   1.09,                   6.88,                   0.74,                   2.37
2011-04-11,128500,                   8.75,                   1.11,                   7.04,                   0.76,                   2.32
2011-04-12,128500,                   8.75,                   1.11,                   7.04,                   0.76,                   2.32
2011-04-13,130000,                   8.86,                   1.13,                   7.12,                   0.76,                   2.29
2011-04-14,135000,                   9.20,                   1.17,                   7.40,                   0.79,                   2.21
2011-04-15,139000,                   9.47,                   1.20,                   7.62,                   0.82,                   2.14
2011-04-18,139000,                   9.47,                   1.20,                   7.62,                   0.82,                   2.14
2011-04-19,139000,                   9.47,                   1.20,                   7.62,                   0.82,                   2.14
2011-04-20,139000,                   9.47,                   1.20,                   7.62,                   0.82,                   2.14
2011-04-21,139000,                   9.47,                   1.20,                   7.62,                   0.82,                   2.14
2011-04-22,139000,                   9.47,                   1.20,                   7.62,                   0.82,                   2.14
2011-04-25,139000,                   9.47,                   1.20,                   7.62,                   0.82,                   2.14
2011-04-26,139000,                   9.47,                   1.20,                   7.62,                   0.82,                   2.14
2011-04-27,139000,                   9.47,                   1.20,                   7.62,                   0.82,                   2.14
2011-04-28,139000,                   9.47,                   1.20,                   7.62,                   0.82,                   2.14
2011-04-29,139000,                   9.47,                   1.20,                   7.62,                   0.82,                   2.14
2011-05-02,139000,                   9.47,                   1.20,                   7.62,                   0.82,                   2.14
2011-05-03,139000,                   9.47,                   1.20,                   7.62,                   0.82,                   2.14
2011-05-04,14500,                   9.88,                   1.26,                   7.94,                   0.85,                   2.05
2011-05-06,13200,                   8.99,                   1.14,                   7.23,                   0.78,                   2.26
2011-05-09,12200,                   8.31,                   1.06,                   6.68,                   0.72,                   2.44
2011-05-11,11750,                   8.00,                   1.02,                   6.44,                   0.69,                   2.54
2011-05-12,12500,                   8.51,                   1.08,                   6.85,                   0.73,                   2.38
2011-05-13,12800,                   8.72,                   1.11,                   7.01,                   0.75,                   2.33
2011-05-16,12250,                   8.34,                   1.06,                   6.71,                   0.72,                   2.43
2011-05-17,12250,                   8.34,                   1.06,                   6.71,                   0.72,                   2.43
2011-05-18,12450,                   8.48,                   1.08,                   6.82,                   0.73,                   2.39
2011-05-19,12650,                   8.62,                   1.10,                   6.93,                   0.74,                   2.35
2011-05-20,13200,                   8.99,                   1.14,                   7.23,                   0.78,                   2.26
2011-05-23,12800,                   8.72,                   1.11,                   7.01,                   0.75,                   2.33
2011-05-24,12350,                   8.41,                   1.07,                   6.77,                   0.73,                   2.41
2011-05-25,12450,                   8.48,                   1.08,                   6.82,                   0.73,                   2.39
2011-05-26,12650,                   8.62,                   1.10,                   6.93,                   0.74,                   2.35
2011-05-27,12500,                   8.51,                   1.08,                   6.85,                   0.73,                   2.38
2011-05-30,12650,                   8.62,                   1.10,                   6.93,                   0.74,                   2.35
2011-05-31,12700,                   8.65,                   1.10,                   6.96,                   0.75,                   2.35
2011-06-01,13200,                   8.99,                   1.14,                   7.23,                   0.78,                   2.26
2011-06-02,13400,                   9.13,                   1.16,                   7.34,                   0.79,                   2.22
2011-06-03,13450,                   9.16,                   1.17,                   7.37,                   0.79,                   2.21
2011-06-07,13200,                   8.99,                   1.14,                   7.23,                   0.78,                   2.26
2011-06-08,13200,                   8.99,                   1.14,                   7.23,                   0.78,                   2.26
2011-06-09,13250,                   9.03,                   1.15,                   7.26,                   0.78,                   2.25
2011-06-10,13250,                   9.03,                   1.15,                   7.26,                   0.78,                   2.25
2011-06-13,13250,                   9.03,                   1.15,                   7.26,                   0.78,                   2.25
2011-06-14,13700,                   9.33,                   1.19,                   7.51,                   0.81,                   2.17
2011-06-15,13750,                   9.37,                   1.19,                   7.53,                   0.81,                   2.17
2011-06-16,13700,                   9.33,                   1.19,                   7.51,                   0.81,                   2.17
2011-06-17,13700,                   9.33,                   1.19,                   7.51,                   0.81,                   2.17
2011-06-20,13800,                   9.40,                   1.20,                   7.56,                   0.81,                   2.16
2011-06-21,14350,                   9.78,                   1.24,                   7.86,                   0.84,                   2.08
2011-06-22,14300,                   9.74,                   1.24,                   7.84,                   0.84,                   2.08
2011-06-23,14000,                   9.54,                   1.21,                   7.67,                   0.82,                   2.13
2011-06-24,15100,                  10.29,                   1.31,                   8.27,                   0.89,                   1.97
2011-06-27,14900,                  10.15,                   1.29,                   8.16,                   0.88,                   2.00
2011-06-28,15000,                  10.22,                   1.30,                   8.22,                   0.88,                   1.99
2011-06-29,15050,                  10.25,                   1.30,                   8.25,                   0.88,                   1.98
2011-06-30,15500,                  10.56,                   1.34,                   8.49,                   0.91,                   1.92
2011-07-01,15450,                  10.52,                   1.34,                   8.47,                   0.91,                   1.93
2011-07-04,15200,                  10.35,                   1.32,                   8.33,                   0.89,                   1.96
2011-07-05,15200,                  10.35,                   1.32,                   8.33,                   0.89,                   1.96
2011-07-06,15100,                  10.29,                   1.31,                   8.27,                   0.89,                   1.97
2011-07-07,15050,                  10.25,                   1.30,                   8.25,                   0.88,                   1.98
2011-07-08,15100,                  10.29,                   1.31,                   8.27,                   0.89,                   1.97
2011-07-11,15050,                  10.25,                   1.30,                   8.25,                   0.88,                   1.98
2011-07-12,15050,                  10.25,                   1.30,                   8.25,                   0.88,                   1.98
2011-07-13,15100,                  10.29,                   1.31,                   8.27,                   0.89,                   1.97
2011-07-14,15700,                  10.69,                   1.36,                   8.60,                   0.92,                   1.90
2011-07-15,15950,                  10.87,                   1.38,                   8.74,                   0.94,                   1.87
2011-07-18,15800,                  10.76,                   1.37,                   8.66,                   0.93,                   1.89
2011-07-19,16100,                  10.97,                   1.39,                   8.82,                   0.95,                   1.85
2011-07-20,16300,                  11.10,                   1.41,                   8.93,                   0.96,                   1.83
2011-07-21,16550,                  11.27,                   1.43,                   9.07,                   0.97,                   1.80
2011-07-22,16300,                  11.10,                   1.41,                   8.93,                   0.96,                   1.83
2011-07-25,16150,                  11.00,                   1.40,                   8.85,                   0.95,                   1.84
2011-07-26,16950,                  11.55,                   1.47,                   9.29,                   1.00,                   1.76
2011-07-27,17400,                  11.85,                   1.51,                   9.53,                   1.02,                   1.71
2011-07-28,18300,                  12.47,                   1.59,                  10.03,                   1.08,                   1.63
2011-07-29,18400,                  12.53,                   1.59,                  10.08,                   1.08,                   1.62
2011-08-01,18350,                  12.50,                   1.59,                  10.05,                   1.08,                   1.62
2011-08-02,18300,                  12.47,                   1.59,                  10.03,                   1.08,                   1.63
2011-08-03,17700,                  12.06,                   1.53,                   9.70,                   1.04,                   1.68
2011-08-04,17650,                  12.02,                   1.53,                   9.67,                   1.04,                   1.69
2011-08-05,17350,                  11.82,                   1.50,                   9.51,                   1.02,                   1.72
2011-08-08,17000,                  11.58,                   1.47,                   9.31,                   1.00,                   1.75
2011-08-09,15950,                  10.87,                   1.38,                   8.74,                   0.94,                   1.87
2011-08-10,16050,                  10.93,                   1.39,                   8.79,                   0.94,                   1.86
2011-08-11,16050,                  10.93,                   1.39,                   8.79,                   0.94,                   1.86
2011-08-12,16750,                  11.41,                   1.45,                   9.18,                   0.98,                   1.78
2011-08-16,17100,                  11.65,                   1.48,                   9.37,                   1.00,                   1.74
2011-08-17,17250,                  11.75,                   1.49,                   9.45,                   1.01,                   1.73
2011-08-18,17450,                  11.89,                   1.51,                   9.56,                   1.03,                   1.71
2011-08-19,17100,                  11.65,                   1.48,                   9.37,                   1.00,                   1.74
2011-08-22,17150,                  11.68,                   1.49,                   9.40,                   1.01,                   1.74
2011-08-23,17600,                  11.99,                   1.52,                   9.64,                   1.03,                   1.69
2011-08-24,17500,                  11.92,                   1.52,                   9.59,                   1.03,                   1.70
2011-08-25,17650,                  12.02,                   1.53,                   9.67,                   1.04,                   1.69
2011-08-26,17300,                  11.78,                   1.50,                   9.48,                   1.02,                   1.72
2011-08-29,17200,                  11.72,                   1.49,                   9.42,                   1.01,                   1.73
2011-08-30,17450,                  11.89,                   1.51,                   9.56,                   1.03,                   1.71
2011-08-31,17600,                  11.99,                   1.52,                   9.64,                   1.03,                   1.69
2011-09-01,17550,                  11.96,                   1.52,                   9.62,                   1.03,                   1.70
2011-09-02,18000,                  12.26,                   1.56,                   9.86,                   1.06,                   1.65
2011-09-05,17950,                  12.23,                   1.56,                   9.84,                   1.05,                   1.66
2011-09-06,17800,                  12.13,                   1.54,                   9.75,                   1.05,                   1.67
2011-09-07,17850,                  12.16,                   1.55,                   9.78,                   1.05,                   1.67
2011-09-08,18050,                  12.30,                   1.56,                   9.89,                   1.06,                   1.65
2011-09-09,17900,                  12.19,                   1.55,                   9.81,                   1.05,                   1.66
2011-09-14,17850,                  12.16,                   1.55,                   9.78,                   1.05,                   1.67
2011-09-15,17950,                  12.23,                   1.56,                   9.84,                   1.05,                   1.66
2011-09-16,18400,                  12.53,                   1.59,                  10.08,                   1.08,                   1.62
2011-09-19,18200,                  12.40,                   1.58,                   9.97,                   1.07,                   1.64
2011-09-20,18500,                  12.60,                   1.60,                  10.14,                   1.09,                   1.61
2011-09-21,18500,                  12.60,                   1.60,                  10.14,                   1.09,                   1.61
2011-09-22,18700,                  12.74,                   1.62,                  10.25,                   1.10,                   1.59
2011-09-23,18500,                  12.60,                   1.60,                  10.14,                   1.09,                   1.61
2011-09-26,17250,                  11.75,                   1.49,                   9.45,                   1.01,                   1.73
2011-09-27,17050,                  11.61,                   1.48,                   9.34,                   1.00,                   1.75
2011-09-28,16450,                  11.21,                   1.43,                   9.01,                   0.97,                   1.81
2011-09-29,17200,                  11.72,                   1.49,                   9.42,                   1.01,                   1.73
2011-09-30,17000,                  11.58,                   1.47,                   9.31,                   1.00,                   1.75
2011-10-04,16950,                  11.55,                   1.47,                   9.29,                   1.00,                   1.76
2011-10-05,16500,                  11.24,                   1.43,                   9.04,                   0.97,                   1.81
2011-10-06,16650,                  11.34,                   1.44,                   9.12,                   0.98,                   1.79
2011-10-07,16900,                  11.51,                   1.46,                   9.26,                   0.99,                   1.76
2011-10-10,16850,                  11.48,                   1.46,                   9.23,                   0.99,                   1.77
2011-10-11,17200,                  11.72,                   1.49,                   9.42,                   1.01,                   1.73
2011-10-12,17100,                  11.65,                   1.48,                   9.37,                   1.00,                   1.74
2011-10-13,17150,                  11.68,                   1.49,                   9.40,                   1.01,                   1.74
2011-10-14,17100,                  11.65,                   1.48,                   9.37,                   1.00,                   1.74
2011-10-17,17150,                  11.68,                   1.49,                   9.40,                   1.01,                   1.74
2011-10-18,17200,                  11.72,                   1.49,                   9.42,                   1.01,                   1.73
2011-10-19,17100,                  11.65,                   1.48,                   9.37,                   1.00,                   1.74
2011-10-20,17550,                  11.96,                   1.52,                   9.62,                   1.03,                   1.70
2011-10-21,19400,                  13.22,                   1.68,                  10.63,                   1.14,                   1.54
2011-10-24,18050,                  12.30,                   1.56,                   9.89,                   1.06,                   1.65
2011-10-25,16600,                  11.31,                   1.44,                   9.10,                   0.98,                   1.79
2011-10-26,16650,                  11.34,                   1.44,                   9.12,                   0.98,                   1.79
2011-10-27,17050,                  11.61,                   1.48,                   9.34,                   1.00,                   1.75
2011-10-28,17050,                  11.61,                   1.48,                   9.34,                   1.00,                   1.75
2011-10-31,17200,                  11.72,                   1.49,                   9.42,                   1.01,                   1.73
2011-11-01,17100,                  11.65,                   1.48,                   9.37,                   1.00,                   1.74
2011-11-02,16500,                  11.24,                   1.43,                   9.04,                   0.97,                   1.81
2011-11-03,16500,                  11.24,                   1.43,                   9.04,                   0.97,                   1.81
2011-11-04,16700,                  11.38,                   1.45,                   9.15,                   0.98,                   1.78
2011-11-07,16650,                  11.34,                   1.44,                   9.12,                   0.98,                   1.79
2011-11-08,17050,                  11.61,                   1.48,                   9.34,                   1.00,                   1.75
2011-11-09,17150,                  11.68,                   1.49,                   9.40,                   1.01,                   1.74
2011-11-10,17050,                  11.61,                   1.48,                   9.34,                   1.00,                   1.75
2011-11-11,17100,                  11.65,                   1.48,                   9.37,                   1.00,                   1.74
2011-11-14,17100,                  11.65,                   1.48,                   9.37,                   1.00,                   1.74
2011-11-15,17000,                  11.58,                   1.47,                   9.31,                   1.00,                   1.75
2011-11-16,16650,                  11.34,                   1.44,                   9.12,                   0.98,                   1.79
2011-11-17,16900,                  11.51,                   1.46,                   9.26,                   0.99,                   1.76
2011-11-18,16900,                  11.51,                   1.46,                   9.26,                   0.99,                   1.76
2011-11-21,16500,                  11.24,                   1.43,                   9.04,                   0.97,                   1.81
2011-11-22,15950,                  10.87,                   1.38,                   8.74,                   0.94,                   1.87
2011-11-23,15400,                  10.49,                   1.33,                   8.44,                   0.91,                   1.93
2011-11-24,14800,                  10.08,                   1.28,                   8.11,                   0.87,                   2.01
2011-11-25,14650,                   9.98,                   1.27,                   8.03,                   0.86,                   2.03
2011-11-28,14550,                   9.91,                   1.26,                   7.97,                   0.86,                   2.05
2011-11-29,14750,                  10.05,                   1.28,                   8.08,                   0.87,                   2.02
2011-11-30,16800,                  11.44,                   1.46,                   9.20,                   0.99,                   1.77
2011-12-01,16050,                  10.93,                   1.39,                   8.79,                   0.94,                   1.86
2011-12-02,15050,                  10.25,                   1.30,                   8.25,                   0.88,                   1.98
2011-12-05,15150,                  10.32,                   1.31,                   8.30,                   0.89,                   1.97
2011-12-06,15150,                  10.32,                   1.31,                   8.30,                   0.89,                   1.97
2011-12-07,15000,                  10.22,                   1.30,                   8.22,                   0.88,                   1.99
2011-12-08,15050,                  10.25,                   1.30,                   8.25,                   0.88,                   1.98
2011-12-09,14950,                  10.18,                   1.30,                   8.19,                   0.88,                   1.99
2011-12-12,14900,                  10.15,                   1.29,                   8.16,                   0.88,                   2.00
2011-12-13,14800,                  10.08,                   1.28,                   8.11,                   0.87,                   2.01
2011-12-14,14350,                   9.78,                   1.24,                   7.86,                   0.84,                   2.08
2011-12-15,13700,                   9.33,                   1.19,                   7.51,                   0.81,                   2.17
2011-12-16,13750,                   9.37,                   1.19,                   7.53,                   0.81,                   2.17
2011-12-19,13200,                   8.99,                   1.14,                   7.23,                   0.78,                   2.26
2011-12-20,14100,                   9.60,                   1.22,                   7.73,                   0.83,                   2.11
2011-12-21,13950,                   9.50,                   1.21,                   7.64,                   0.82,                   2.14
2011-12-22,14000,                   9.54,                   1.21,                   7.67,                   0.82,                   2.13
2011-12-23,14250,                   9.71,                   1.23,                   7.81,                   0.84,                   2.09
2011-12-26,14600,                   9.95,                   1.26,                   8.00,                   0.86,                   2.04
2011-12-27,14800,                  10.08,                   1.28,                   8.11,                   0.87,                   2.01
2011-12-28,14700,                  10.01,                   1.27,                   8.05,                   0.86,                   2.03
2011-12-29,14800,                  10.08,                   1.28,                   8.11,                   0.87,                   2.01
2012-01-02,14500,                  25.95,                   1.24,                  15.02,                   0.88,                   1.72
2012-01-03,14000,                  25.06,                   1.20,                  14.50,                   0.85,                   1.79
2012-01-04,13800,                  24.70,                   1.18,                  14.30,                   0.84,                   1.81
2012-01-05,13750,                  24.61,                   1.18,                  14.24,                   0.83,                   1.82
2012-01-06,13850,                  24.79,                   1.19,                  14.35,                   0.84,                   1.81
2012-01-09,13800,                  24.70,                   1.18,                  14.30,                   0.84,                   1.81
2012-01-10,13800,                  24.70,                   1.18,                  14.30,                   0.84,                   1.81
2012-01-11,13800,                  24.70,                   1.18,                  14.30,                   0.84,                   1.81
2012-01-12,14000,                  25.06,                   1.20,                  14.50,                   0.85,                   1.79
2012-01-13,13750,                  24.61,                   1.18,                  14.24,                   0.83,                   1.82
2012-01-16,13800,                  24.70,                   1.18,                  14.30,                   0.84,                   1.81
2012-01-17,13550,                  24.25,                   1.16,                  14.04,                   0.82,                   1.85
2012-01-18,13150,                  23.53,                   1.13,                  13.62,                   0.80,                   1.90
2012-01-19,13200,                  23.62,                   1.13,                  13.67,                   0.80,                   1.89
2012-01-20,13350,                  23.89,                   1.14,                  13.83,                   0.81,                   1.87
2012-01-25,13650,                  24.43,                   1.17,                  14.14,                   0.83,                   1.83
2012-01-26,13600,                  24.34,                   1.17,                  14.09,                   0.82,                   1.84
2012-01-27,13450,                  24.07,                   1.15,                  13.93,                   0.81,                   1.86
2012-01-30,13400,                  23.98,                   1.15,                  13.88,                   0.81,                   1.87
2012-01-31,13550,                  24.25,                   1.16,                  14.04,                   0.82,                   1.85
2012-02-01,13950,                  24.97,                   1.20,                  14.45,                   0.84,                   1.79
2012-02-02,13600,                  24.34,                   1.17,                  14.09,                   0.82,                   1.84
2012-02-03,13700,                  24.52,                   1.17,                  14.19,                   0.83,                   1.82
2012-02-06,13700,                  24.52,                   1.17,                  14.19,                   0.83,                   1.82
2012-02-07,13650,                  24.43,                   1.17,                  14.14,                   0.83,                   1.83
2012-02-08,13700,                  24.52,                   1.17,                  14.19,                   0.83,                   1.82
2012-02-09,13750,                  24.61,                   1.18,                  14.24,                   0.83,                   1.82
2012-02-10,13850,                  24.79,                   1.19,                  14.35,                   0.84,                   1.81
2012-02-13,14250,                  25.50,                   1.22,                  14.76,                   0.86,                   1.75
2012-02-14,14050,                  25.15,                   1.20,                  14.56,                   0.85,                   1.78
2012-02-15,14100,                  25.23,                   1.21,                  14.61,                   0.85,                   1.77
2012-02-16,14150,                  25.32,                   1.21,                  14.66,                   0.86,                   1.77
2012-02-17,14300,                  25.59,                   1.23,                  14.81,                   0.87,                   1.75
2012-02-20,14400,                  25.77,                   1.23,                  14.92,                   0.87,                   1.74
2012-02-21,14300,                  25.59,                   1.23,                  14.81,                   0.87,                   1.75
2012-02-22,14250,                  25.50,                   1.22,                  14.76,                   0.86,                   1.75
2012-02-23,14200,                  25.41,                   1.22,                  14.71,                   0.86,                   1.76
2012-02-24,14500,                  25.95,                   1.24,                  15.02,                   0.88,                   1.72
2012-02-27,14550,                  26.04,                   1.25,                  15.07,                   0.88,                   1.72
2012-02-28,14300,                  25.59,                   1.23,                  14.81,                   0.87,                   1.75
2012-02-29,14300,                  25.59,                   1.23,                  14.81,                   0.87,                   1.75
2012-03-02,14350,                  25.68,                   1.23,                  14.87,                   0.87,                   1.74
2012-03-05,14350,                  25.68,                   1.23,                  14.87,                   0.87,                   1.74
2012-03-06,14200,                  25.41,                   1.22,                  14.71,                   0.86,                   1.76
2012-03-07,14300,                  25.59,                   1.23,                  14.81,                   0.87,                   1.75
2012-03-08,14300,                  25.59,                   1.23,                  14.81,                   0.87,                   1.75
2012-03-09,14000,                  25.06,                   1.20,                  14.50,                   0.85,                   1.79
2012-03-12,13700,                  24.52,                   1.17,                  14.19,                   0.83,                   1.82
2012-03-13,13500,                  24.16,                   1.16,                  13.99,                   0.82,                   1.85
2012-03-14,13550,                  24.25,                   1.16,                  14.04,                   0.82,                   1.85
2012-03-15,13800,                  24.70,                   1.18,                  14.30,                   0.84,                   1.81
2012-03-16,15000,                  26.85,                   1.29,                  15.54,                   0.91,                   1.67
2012-03-19,14150,                  25.32,                   1.21,                  14.66,                   0.86,                   1.77
2012-03-20,13700,                  24.52,                   1.17,                  14.19,                   0.83,                   1.82
2012-03-21,13500,                  24.16,                   1.16,                  13.99,                   0.82,                   1.85
2012-03-22,13550,                  24.25,                   1.16,                  14.04,                   0.82,                   1.85
2012-03-23,13600,                  24.34,                   1.17,                  14.09,                   0.82,                   1.84
2012-03-26,13100,                  23.45,                   1.12,                  13.57,                   0.79,                   1.91
2012-03-27,13250,                  23.71,                   1.14,                  13.73,                   0.80,                   1.89
2012-03-28,13000,                  23.27,                   1.11,                  13.47,                   0.79,                   1.92
2012-03-29,12800,                  22.91,                   1.10,                  13.26,                   0.78,                   1.95
2012-03-30,13000,                  23.27,                   1.11,                  13.47,                   0.79,                   1.92
2012-04-02,13100,                  23.45,                   1.12,                  13.57,                   0.79,                   1.91
2012-04-03,13000,                  23.27,                   1.11,                  13.47,                   0.79,                   1.92
2012-04-04,12900,                  23.09,                   1.11,                  13.36,                   0.78,                   1.94
2012-04-05,13100,                  23.45,                   1.12,                  13.57,                   0.79,                   1.91
2012-04-06,12900,                  23.09,                   1.11,                  13.36,                   0.78,                   1.94
2012-04-09,13500,                  24.16,                   1.16,                  13.99,                   0.82,                   1.85
2012-04-10,13650,                  24.43,                   1.17,                  14.14,                   0.83,                   1.83
2012-04-12,13000,                  23.27,                   1.11,                  13.47,                   0.79,                   1.92
2012-04-13,12900,                  23.09,                   1.11,                  13.36,                   0.78,                   1.94
2012-04-16,12700,                  22.73,                   1.09,                  13.16,                   0.77,                   1.97
2012-04-17,12850,                  23.00,                   1.10,                  13.31,                   0.78,                   1.95
2012-04-18,12950,                  23.18,                   1.11,                  13.42,                   0.78,                   1.93
2012-04-19,13000,                  23.27,                   1.11,                  13.47,                   0.79,                   1.92
2012-04-20,13050,                  23.36,                   1.12,                  13.52,                   0.79,                   1.92
2012-04-23,13000,                  23.27,                   1.11,                  13.47,                   0.79,                   1.92
2012-04-24,12900,                  23.09,                   1.11,                  13.36,                   0.78,                   1.94
2012-04-25,12750,                  22.82,                   1.09,                  13.21,                   0.77,                   1.96
2012-04-26,13000,                  23.27,                   1.11,                  13.47,                   0.79,                   1.92
2012-04-27,12900,                  23.09,                   1.11,                  13.36,                   0.78,                   1.94
2012-04-30,12900,                  23.09,                   1.11,                  13.36,                   0.78,                   1.94
2012-05-02,13100,                  23.45,                   1.12,                  13.57,                   0.79,                   1.91
2012-05-03,13100,                  23.45,                   1.12,                  13.57,                   0.79,                   1.91
2012-05-04,13250,                  23.71,                   1.14,                  13.73,                   0.80,                   1.89
2012-05-07,13150,                  23.53,                   1.13,                  13.62,                   0.80,                   1.90
2012-05-08,13050,                  23.36,                   1.12,                  13.52,                   0.79,                   1.92
2012-05-09,12800,                  22.91,                   1.10,                  13.26,                   0.78,                   1.95
2012-05-10,12950,                  23.18,                   1.11,                  13.42,                   0.78,                   1.93
2012-05-11,12900,                  23.09,                   1.11,                  13.36,                   0.78,                   1.94
2012-05-14,12750,                  22.82,                   1.09,                  13.21,                   0.77,                   1.96
2012-05-15,13050,                  23.36,                   1.12,                  13.52,                   0.79,                   1.92
2012-05-16,12700,                  22.73,                   1.09,                  13.16,                   0.77,                   1.97
2012-05-17,12300,                  22.01,                   1.05,                  12.74,                   0.74,                   2.03
2012-05-18,12600,                  22.55,                   1.08,                  13.05,                   0.76,                   1.98
2012-05-21,12800,                  22.91,                   1.10,                  13.26,                   0.78,                   1.95
2012-05-22,12600,                  22.55,                   1.08,                  13.05,                   0.76,                   1.98
2012-05-23,12600,                  22.55,                   1.08,                  13.05,                   0.76,                   1.98
2012-05-24,12600,                  22.55,                   1.08,                  13.05,                   0.76,                   1.98
2012-05-25,12650,                  22.64,                   1.08,                  13.11,                   0.77,                   1.98
2012-05-29,12600,                  22.55,                   1.08,                  13.05,                   0.76,                   1.98
2012-05-30,12050,                  21.57,                   1.03,                  12.48,                   0.73,                   2.07
2012-05-31,12650,                  22.64,                   1.08,                  13.11,                   0.77,                   1.98
2012-06-01,13100,                  23.45,                   1.12,                  13.57,                   0.79,                   1.91
2012-06-04,12900,                  23.09,                   1.11,                  13.36,                   0.78,                   1.94
2012-06-05,13000,                  23.27,                   1.11,                  13.47,                   0.79,                   1.92
2012-06-07,13200,                  23.62,                   1.13,                  13.67,                   0.80,                   1.89
2012-06-08,13250,                  23.71,                   1.14,                  13.73,                   0.80,                   1.89
2012-06-11,13400,                  23.98,                   1.15,                  13.88,                   0.81,                   1.87
2012-06-12,13550,                  24.25,                   1.16,                  14.04,                   0.82,                   1.85
2012-06-13,13650,                  24.43,                   1.17,                  14.14,                   0.83,                   1.83
2012-06-14,13650,                  24.43,                   1.17,                  14.14,                   0.83,                   1.83
2012-06-15,13400,                  23.98,                   1.15,                  13.88,                   0.81,                   1.87
2012-06-18,14000,                  25.06,                   1.20,                  14.50,                   0.85,                   1.79
2012-06-19,14150,                  25.32,                   1.21,                  14.66,                   0.86,                   1.77
2012-06-20,14350,                  25.68,                   1.23,                  14.87,                   0.87,                   1.74
2012-06-21,14350,                  25.68,                   1.23,                  14.87,                   0.87,                   1.74
2012-06-22,14000,                  25.06,                   1.20,                  14.50,                   0.85,                   1.79
2012-06-25,14300,                  25.59,                   1.23,                  14.81,                   0.87,                   1.75
2012-06-26,14200,                  25.41,                   1.22,                  14.71,                   0.86,                   1.76
2012-06-27,14100,                  25.23,                   1.21,                  14.61,                   0.85,                   1.77
2012-06-28,14350,                  25.68,                   1.23,                  14.87,                   0.87,                   1.74
2012-06-29,14450,                  25.86,                   1.24,                  14.97,                   0.88,                   1.73
2012-07-02,14500,                  25.95,                   1.24,                  15.02,                   0.88,                   1.72
2012-07-03,14300,                  25.59,                   1.23,                  14.81,                   0.87,                   1.75
2012-07-04,14250,                  25.50,                   1.22,                  14.76,                   0.86,                   1.75
2012-07-05,14150,                  25.32,                   1.21,                  14.66,                   0.86,                   1.77
2012-07-06,14200,                  25.41,                   1.22,                  14.71,                   0.86,                   1.76
2012-07-09,13800,                  24.70,                   1.18,                  14.30,                   0.84,                   1.81
2012-07-10,14050,                  25.15,                   1.20,                  14.56,                   0.85,                   1.78
2012-07-11,14150,                  25.32,                   1.21,                  14.66,                   0.86,                   1.77
2012-07-12,14200,                  25.41,                   1.22,                  14.71,                   0.86,                   1.76
2012-07-13,14250,                  25.50,                   1.22,                  14.76,                   0.86,                   1.75
2012-07-16,14000,                  25.06,                   1.20,                  14.50,                   0.85,                   1.79
2012-07-17,14350,                  25.68,                   1.23,                  14.87,                   0.87,                   1.74
2012-07-18,14250,                  25.50,                   1.22,                  14.76,                   0.86,                   1.75
2012-07-19,14550,                  26.04,                   1.25,                  15.07,                   0.88,                   1.72
2012-07-20,14400,                  25.77,                   1.23,                  14.92,                   0.87,                   1.74
2012-07-23,14350,                  25.68,                   1.23,                  14.87,                   0.87,                   1.74
2012-07-24,14050,                  25.15,                   1.20,                  14.56,                   0.85,                   1.78
2012-07-25,14050,                  25.15,                   1.20,                  14.56,                   0.85,                   1.78
2012-07-26,14250,                  25.50,                   1.22,                  14.76,                   0.86,                   1.75
2012-07-27,14100,                  25.23,                   1.21,                  14.61,                   0.85,                   1.77
2012-07-30,14050,                  25.15,                   1.20,                  14.56,                   0.85,                   1.78
2012-07-31,14400,                  25.77,                   1.23,                  14.92,                   0.87,                   1.74
2012-08-01,14300,                  25.59,                   1.23,                  14.81,                   0.87,                   1.75
2012-08-02,14300,                  25.59,                   1.23,                  14.81,                   0.87,                   1.75
2012-08-03,14300,                  25.59,                   1.23,                  14.81,                   0.87,                   1.75
2012-08-06,14300,                  25.59,                   1.23,                  14.81,                   0.87,                   1.75
2012-08-07,14250,                  25.50,                   1.22,                  14.76,                   0.86,                   1.75
2012-08-08,14250,                  25.50,                   1.22,                  14.76,                   0.86,                   1.75
2012-08-09,14250,                  25.50,                   1.22,                  14.76,                   0.86,                   1.75
2012-08-10,14200,                  25.41,                   1.22,                  14.71,                   0.86,                   1.76
2012-08-13,14250,                  25.50,                   1.22,                  14.76,                   0.86,                   1.75
2012-08-14,14200,                  25.41,                   1.22,                  14.71,                   0.86,                   1.76
2012-08-16,14200,                  25.41,                   1.22,                  14.71,                   0.86,                   1.76
2012-08-17,14200,                  25.41,                   1.22,                  14.71,                   0.86,                   1.76
2012-08-20,14200,                  25.41,                   1.22,                  14.71,                   0.86,                   1.76
2012-08-21,14150,                  25.32,                   1.21,                  14.66,                   0.86,                   1.77
2012-08-22,13600,                  24.34,                   1.17,                  14.09,                   0.82,                   1.84
2012-08-23,13800,                  24.70,                   1.18,                  14.30,                   0.84,                   1.81
2012-08-24,13500,                  24.16,                   1.16,                  13.99,                   0.82,                   1.85
2012-08-27,13800,                  24.70,                   1.18,                  14.30,                   0.84,                   1.81
2012-08-28,13900,                  24.88,                   1.19,                  14.40,                   0.84,                   1.80
2012-08-29,13950,                  24.97,                   1.20,                  14.45,                   0.84,                   1.79
2012-08-30,13900,                  24.88,                   1.19,                  14.40,                   0.84,                   1.80
2012-08-31,13600,                  24.34,                   1.17,                  14.09,                   0.82,                   1.84
2012-09-03,13750,                  24.61,                   1.18,                  14.24,                   0.83,                   1.82
2012-09-04,13850,                  24.79,                   1.19,                  14.35,                   0.84,                   1.81
2012-09-05,14000,                  25.06,                   1.20,                  14.50,                   0.85,                   1.79
2012-09-06,14000,                  25.06,                   1.20,                  14.50,                   0.85,                   1.79
2012-09-07,13950,                  24.97,                   1.20,                  14.45,                   0.84,                   1.79
2012-09-10,14000,                  25.06,                   1.20,                  14.50,                   0.85,                   1.79
2012-09-11,14100,                  25.23,                   1.21,                  14.61,                   0.85,                   1.77
2012-09-12,14300,                  25.59,                   1.23,                  14.81,                   0.87,                   1.75
2012-09-13,14150,                  25.32,                   1.21,                  14.66,                   0.86,                   1.77
2012-09-14,14100,                  25.23,                   1.21,                  14.61,                   0.85,                   1.77
2012-09-17,14250,                  25.50,                   1.22,                  14.76,                   0.86,                   1.75
2012-09-18,14600,                  26.13,                   1.25,                  15.13,                   0.88,                   1.71
2012-09-19,15200,                  27.20,                   1.30,                  15.75,                   0.92,                   1.64
2012-09-20,14950,                  26.76,                   1.28,                  15.49,                   0.91,                   1.67
2012-09-21,15350,                  27.47,                   1.32,                  15.90,                   0.93,                   1.63
2012-09-24,15700,                  28.10,                   1.35,                  16.26,                   0.95,                   1.59
2012-09-25,15600,                  27.92,                   1.34,                  16.16,                   0.94,                   1.60
2012-09-26,15900,                  28.46,                   1.36,                  16.47,                   0.96,                   1.57
2012-09-27,16000,                  28.64,                   1.37,                  16.58,                   0.97,                   1.56
2012-09-28,16400,                  29.35,                   1.41,                  16.99,                   0.99,                   1.52
2012-10-02,16450,                  29.44,                   1.41,                  17.04,                   1.00,                   1.52
2012-10-04,16400,                  29.35,                   1.41,                  16.99,                   0.99,                   1.52
2012-10-05,16700,                  29.89,                   1.43,                  17.30,                   1.01,                   1.50
2012-10-08,17300,                  30.96,                   1.48,                  17.92,                   1.05,                   1.45
2012-10-09,17300,                  30.96,                   1.48,                  17.92,                   1.05,                   1.45
2012-10-10,17250,                  30.87,                   1.48,                  17.87,                   1.04,                   1.45
2012-10-11,16800,                  30.07,                   1.44,                  17.40,                   1.02,                   1.49
2012-10-12,17300,                  30.96,                   1.48,                  17.92,                   1.05,                   1.45
2012-10-15,17250,                  30.87,                   1.48,                  17.87,                   1.04,                   1.45
2012-10-16,17300,                  30.96,                   1.48,                  17.92,                   1.05,                   1.45
2012-10-17,17000,                  30.43,                   1.46,                  17.61,                   1.03,                   1.47
2012-10-18,16850,                  30.16,                   1.44,                  17.46,                   1.02,                   1.48
2012-10-19,16800,                  30.07,                   1.44,                  17.40,                   1.02,                   1.49
2012-10-22,16600,                  29.71,                   1.42,                  17.20,                   1.01,                   1.51
2012-10-23,16700,                  29.89,                   1.43,                  17.30,                   1.01,                   1.50
2012-10-24,17450,                  31.23,                   1.50,                  18.08,                   1.06,                   1.43
2012-10-25,16950,                  30.34,                   1.45,                  17.56,                   1.03,                   1.47
2012-10-26,16800,                  30.07,                   1.44,                  17.40,                   1.02,                   1.49
2012-10-29,16800,                  30.07,                   1.44,                  17.40,                   1.02,                   1.49
2012-10-30,16500,                  29.53,                   1.41,                  17.09,                   1.00,                   1.52
2012-10-31,17000,                  30.43,                   1.46,                  17.61,                   1.03,                   1.47
2012-11-01,17000,                  30.43,                   1.46,                  17.61,                   1.03,                   1.47
2012-11-02,16950,                  30.34,                   1.45,                  17.56,                   1.03,                   1.47
2012-11-05,17000,                  30.43,                   1.46,                  17.61,                   1.03,                   1.47
2012-11-06,17000,                  30.43,                   1.46,                  17.61,                   1.03,                   1.47
2012-11-07,16850,                  30.16,                   1.44,                  17.46,                   1.02,                   1.48
2012-11-08,16600,                  29.71,                   1.42,                  17.20,                   1.01,                   1.51
2012-11-09,16600,                  29.71,                   1.42,                  17.20,                   1.01,                   1.51
2012-11-12,16250,                  29.08,                   1.39,                  16.83,                   0.98,                   1.54
2012-11-13,16000,                  28.64,                   1.37,                  16.58,                   0.97,                   1.56
2012-11-14,16050,                  28.72,                   1.38,                  16.63,                   0.97,                   1.56
2012-11-15,16000,                  28.64,                   1.37,                  16.58,                   0.97,                   1.56
2012-11-16,16000,                  28.64,                   1.37,                  16.58,                   0.97,                   1.56
2012-11-19,16000,                  28.64,                   1.37,                  16.58,                   0.97,                   1.56
2012-11-20,15850,                  28.37,                   1.36,                  16.42,                   0.96,                   1.58
2012-11-21,15500,                  27.74,                   1.33,                  16.06,                   0.94,                   1.61
2012-11-22,15350,                  27.47,                   1.32,                  15.90,                   0.93,                   1.63
2012-11-23,15500,                  27.74,                   1.33,                  16.06,                   0.94,                   1.61
2012-11-26,15550,                  27.83,                   1.33,                  16.11,                   0.94,                   1.61
2012-11-27,15550,                  27.83,                   1.33,                  16.11,                   0.94,                   1.61
2012-11-28,15500,                  27.74,                   1.33,                  16.06,                   0.94,                   1.61
2012-11-29,15950,                  28.55,                   1.37,                  16.52,                   0.97,                   1.57
2012-11-30,15500,                  27.74,                   1.33,                  16.06,                   0.94,                   1.61
2012-12-03,15400,                  27.56,                   1.32,                  15.95,                   0.93,                   1.62
2012-12-04,15650,                  28.01,                   1.34,                  16.21,                   0.95,                   1.60
2012-12-05,15600,                  27.92,                   1.34,                  16.16,                   0.94,                   1.60
2012-12-06,15300,                  27.38,                   1.31,                  15.85,                   0.93,                   1.63
2012-12-07,15300,                  27.38,                   1.31,                  15.85,                   0.93,                   1.63
2012-12-10,15400,                  27.56,                   1.32,                  15.95,                   0.93,                   1.62
2012-12-11,15300,                  27.38,                   1.31,                  15.85,                   0.93,                   1.63
2012-12-12,15300,                  27.38,                   1.31,                  15.85,                   0.93,                   1.63
2012-12-13,15300,                  27.38,                   1.31,                  15.85,                   0.93,                   1.63
2012-12-14,15200,                  27.20,                   1.30,                  15.75,                   0.92,                   1.64
2012-12-17,15250,                  27.29,                   1.31,                  15.80,                   0.92,                   1.64
2012-12-18,15000,                  26.85,                   1.29,                  15.54,                   0.91,                   1.67
2012-12-20,15000,                  26.85,                   1.29,                  15.54,                   0.91,                   1.67
2012-12-21,15400,                  27.56,                   1.32,                  15.95,                   0.93,                   1.62
2012-12-24,15500,                  27.74,                   1.33,                  16.06,                   0.94,                   1.61
2012-12-26,15800,                  28.28,                   1.35,                  16.37,                   0.96,                   1.58
2012-12-27,15100,                  27.02,                   1.29,                  15.64,                   0.91,                   1.66
2012-12-28,15350,                  27.47,                   1.32,                  15.90,                   0.93,                   1.63
2013-01-02,15350,                  12.36,                   1.18,                   9.68,                   0.89,                   2.93
2013-01-03,15100,                  12.15,                   1.16,                   9.52,                   0.87,                   2.98
2013-01-04,15000,                  12.07,                   1.16,                   9.46,                   0.87,                   3.00
2013-01-07,14900,                  11.99,                   1.15,                   9.39,                   0.86,                   3.02
2013-01-08,14500,                  11.67,                   1.12,                   9.14,                   0.84,                   3.10
2013-01-09,14250,                  11.47,                   1.10,                   8.99,                   0.82,                   3.16
2013-01-10,14000,                  11.27,                   1.08,                   8.83,                   0.81,                   3.21
2013-01-11,14250,                  11.47,                   1.10,                   8.99,                   0.82,                   3.16
2013-01-14,14500,                  11.67,                   1.12,                   9.14,                   0.84,                   3.10
2013-01-15,14300,                  11.51,                   1.10,                   9.02,                   0.83,                   3.15
2013-01-16,14300,                  11.51,                   1.10,                   9.02,                   0.83,                   3.15
2013-01-17,14500,                  11.67,                   1.12,                   9.14,                   0.84,                   3.10
2013-01-18,14550,                  11.71,                   1.12,                   9.17,                   0.84,                   3.09
2013-01-21,14250,                  11.47,                   1.10,                   8.99,                   0.82,                   3.16
2013-01-22,13950,                  11.23,                   1.08,                   8.80,                   0.81,                   3.23
2013-01-23,14050,                  11.31,                   1.08,                   8.86,                   0.81,                   3.20
2013-01-24,13950,                  11.23,                   1.08,                   8.80,                   0.81,                   3.23
2013-01-25,13950,                  11.23,                   1.08,                   8.80,                   0.81,                   3.23
2013-01-28,13900,                  11.19,                   1.07,                   8.76,                   0.80,                   3.24
2013-01-29,13850,                  11.15,                   1.07,                   8.73,                   0.80,                   3.25
2013-01-30,14150,                  11.39,                   1.09,                   8.92,                   0.82,                   3.18
2013-01-31,14150,                  11.39,                   1.09,                   8.92,                   0.82,                   3.18
2013-02-01,14000,                  11.27,                   1.08,                   8.83,                   0.81,                   3.21
2013-02-04,13850,                  11.15,                   1.07,                   8.73,                   0.80,                   3.25
2013-02-05,13700,                  11.03,                   1.06,                   8.64,                   0.79,                   3.28
2013-02-06,13900,                  11.19,                   1.07,                   8.76,                   0.80,                   3.24
2013-02-07,13950,                  11.23,                   1.08,                   8.80,                   0.81,                   3.23
2013-02-08,13750,                  11.07,                   1.06,                   8.67,                   0.80,                   3.27
2013-02-12,13900,                  11.19,                   1.07,                   8.76,                   0.80,                   3.24
2013-02-13,13850,                  11.15,                   1.07,                   8.73,                   0.80,                   3.25
2013-02-14,13800,                  11.11,                   1.06,                   8.70,                   0.80,                   3.26
2013-02-15,14100,                  11.35,                   1.09,                   8.89,                   0.82,                   3.19
2013-02-18,14100,                  11.35,                   1.09,                   8.89,                   0.82,                   3.19
2013-02-19,14500,                  11.67,                   1.12,                   9.14,                   0.84,                   3.10
2013-02-20,14350,                  11.55,                   1.11,                   9.05,                   0.83,                   3.14
2013-02-21,14500,                  11.67,                   1.12,                   9.14,                   0.84,                   3.10
2013-02-22,14500,                  11.67,                   1.12,                   9.14,                   0.84,                   3.10
2013-02-25,14100,                  11.35,                   1.09,                   8.89,                   0.82,                   3.19
2013-02-26,14250,                  11.47,                   1.10,                   8.99,                   0.82,                   3.16
2013-02-27,14300,                  11.51,                   1.10,                   9.02,                   0.83,                   3.15
2013-02-28,14550,                  11.71,                   1.12,                   9.17,                   0.84,                   3.09
2013-03-04,14700,                  11.83,                   1.13,                   9.27,                   0.85,                   3.06
2013-03-05,14750,                  11.87,                   1.14,                   9.30,                   0.85,                   3.05
2013-03-06,14900,                  11.99,                   1.15,                   9.39,                   0.86,                   3.02
2013-03-07,14900,                  11.99,                   1.15,                   9.39,                   0.86,                   3.02
2013-03-08,15300,                  12.32,                   1.18,                   9.65,                   0.88,                   2.94
2013-03-11,15150,                  12.20,                   1.17,                   9.55,                   0.88,                   2.97
2013-03-12,15150,                  12.20,                   1.17,                   9.55,                   0.88,                   2.97
2013-03-13,15150,                  12.20,                   1.17,                   9.55,                   0.88,                   2.97
2013-03-14,15750,                  12.68,                   1.21,                   9.93,                   0.91,                   2.86
2013-03-15,15750,                  12.68,                   1.21,                   9.93,                   0.91,                   2.86
2013-03-18,16350,                  13.16,                   1.26,                  10.31,                   0.95,                   2.75
2013-03-19,16600,                  13.36,                   1.28,                  10.47,                   0.96,                   2.71
2013-03-20,17000,                  13.68,                   1.31,                  10.72,                   0.98,                   2.65
2013-03-21,17400,                  14.01,                   1.34,                  10.97,                   1.01,                   2.59
2013-03-22,17550,                  14.13,                   1.35,                  11.07,                   1.02,                   2.56
2013-03-25,17550,                  14.13,                   1.35,                  11.07,                   1.02,                   2.56
2013-03-26,17550,                  14.13,                   1.35,                  11.07,                   1.02,                   2.56
2013-03-27,17450,                  14.05,                   1.34,                  11.00,                   1.01,                   2.58
2013-03-28,17600,                  14.17,                   1.36,                  11.10,                   1.02,                   2.56
2013-03-29,17600,                  14.17,                   1.36,                  11.10,                   1.02,                   2.56
2013-04-01,17700,                  14.25,                   1.36,                  11.16,                   1.02,                   2.54
2013-04-02,17800,                  14.33,                   1.37,                  11.22,                   1.03,                   2.53
2013-04-03,18000,                  14.49,                   1.39,                  11.35,                   1.04,                   2.50
2013-04-04,18150,                  14.61,                   1.40,                  11.44,                   1.05,                   2.48
2013-04-05,17150,                  13.81,                   1.32,                  10.81,                   0.99,                   2.62
2013-04-08,17100,                  13.76,                   1.32,                  10.78,                   0.99,                   2.63
2013-04-09,16950,                  13.64,                   1.31,                  10.69,                   0.98,                   2.65
2013-04-10,16850,                  13.56,                   1.30,                  10.62,                   0.97,                   2.67
2013-04-11,16850,                  13.56,                   1.30,                  10.62,                   0.97,                   2.67
2013-04-12,17450,                  14.05,                   1.34,                  11.00,                   1.01,                   2.58
2013-04-15,17550,                  14.13,                   1.35,                  11.07,                   1.02,                   2.56
2013-04-16,17200,                  13.85,                   1.33,                  10.85,                   0.99,                   2.62
2013-04-17,17400,                  14.01,                   1.34,                  10.97,                   1.01,                   2.59
2013-04-18,17850,                  14.37,                   1.38,                  11.26,                   1.03,                   2.52
2013-04-19,17800,                  14.33,                   1.37,                  11.22,                   1.03,                   2.53
2013-04-22,17550,                  14.13,                   1.35,                  11.07,                   1.02,                   2.56
2013-04-23,17600,                  14.17,                   1.36,                  11.10,                   1.02,                   2.56
2013-04-24,17550,                  14.13,                   1.35,                  11.07,                   1.02,                   2.56
2013-04-25,17200,                  13.85,                   1.33,                  10.85,                   0.99,                   2.62
2013-04-26,17200,                  13.85,                   1.33,                  10.85,                   0.99,                   2.62
2013-04-29,17150,                  13.81,                   1.32,                  10.81,                   0.99,                   2.62
2013-04-30,17100,                  13.76,                   1.32,                  10.78,                   0.99,                   2.63
2013-05-02,17050,                  13.72,                   1.31,                  10.75,                   0.99,                   2.64
2013-05-03,17100,                  13.76,                   1.32,                  10.78,                   0.99,                   2.63
2013-05-06,16900,                  13.60,                   1.30,                  10.66,                   0.98,                   2.66
2013-05-07,17050,                  13.72,                   1.31,                  10.75,                   0.99,                   2.64
2013-05-08,17000,                  13.68,                   1.31,                  10.72,                   0.98,                   2.65
2013-05-09,17000,                  13.68,                   1.31,                  10.72,                   0.98,                   2.65
2013-05-10,16700,                  13.44,                   1.29,                  10.53,                   0.97,                   2.69
2013-05-13,16250,                  13.08,                   1.25,                  10.25,                   0.94,                   2.77
2013-05-14,16400,                  13.20,                   1.26,                  10.34,                   0.95,                   2.74
2013-05-15,16350,                  13.16,                   1.26,                  10.31,                   0.95,                   2.75
2013-05-16,16300,                  13.12,                   1.26,                  10.28,                   0.94,                   2.76
2013-05-20,16100,                  12.96,                   1.24,                  10.15,                   0.93,                   2.80
2013-05-21,16250,                  13.08,                   1.25,                  10.25,                   0.94,                   2.77
2013-05-22,16250,                  13.08,                   1.25,                  10.25,                   0.94,                   2.77
2013-05-23,16000,                  12.88,                   1.23,                  10.09,                   0.93,                   2.81
2013-05-24,16000,                  12.88,                   1.23,                  10.09,                   0.93,                   2.81
2013-05-27,15700,                  12.64,                   1.21,                   9.90,                   0.91,                   2.87
2013-05-28,15750,                  12.68,                   1.21,                   9.93,                   0.91,                   2.86
2013-05-29,16200,                  13.04,                   1.25,                  10.21,                   0.94,                   2.78
2013-05-30,15650,                  12.60,                   1.21,                   9.87,                   0.91,                   2.88
2013-05-31,16250,                  13.08,                   1.25,                  10.25,                   0.94,                   2.77
2013-06-03,16750,                  13.48,                   1.29,                  10.56,                   0.97,                   2.69
2013-06-04,16200,                  13.04,                   1.25,                  10.21,                   0.94,                   2.78
2013-06-05,15800,                  12.72,                   1.22,                   9.96,                   0.91,                   2.85
2013-06-07,15750,                  12.68,                   1.21,                   9.93,                   0.91,                   2.86
2013-06-10,16000,                  12.88,                   1.23,                  10.09,                   0.93,                   2.81
2013-06-11,15700,                  12.64,                   1.21,                   9.90,                   0.91,                   2.87
2013-06-12,15750,                  12.68,                   1.21,                   9.93,                   0.91,                   2.86
2013-06-13,15750,                  12.68,                   1.21,                   9.93,                   0.91,                   2.86
2013-06-14,15550,                  12.52,                   1.20,                   9.80,                   0.90,                   2.89
2013-06-17,15750,                  12.68,                   1.21,                   9.93,                   0.91,                   2.86
2013-06-18,15850,                  12.76,                   1.22,                   9.99,                   0.92,                   2.84
2013-06-19,15550,                  12.52,                   1.20,                   9.80,                   0.90,                   2.89
2013-06-20,15100,                  12.15,                   1.16,                   9.52,                   0.87,                   2.98
2013-06-21,15300,                  12.32,                   1.18,                   9.65,                   0.88,                   2.94
2013-06-24,14900,                  11.99,                   1.15,                   9.39,                   0.86,                   3.02
2013-06-25,14950,                  12.03,                   1.15,                   9.43,                   0.86,                   3.01
2013-06-26,15200,                  12.24,                   1.17,                   9.58,                   0.88,                   2.96
2013-06-27,15250,                  12.28,                   1.18,                   9.62,                   0.88,                   2.95
2013-06-28,15450,                  12.44,                   1.19,                   9.74,                   0.89,                   2.91
2013-07-01,15950,                  12.84,                   1.23,                  10.06,                   0.92,                   2.82
2013-07-02,15450,                  12.44,                   1.19,                   9.74,                   0.89,                   2.91
2013-07-03,14900,                  11.99,                   1.15,                   9.39,                   0.86,                   3.02
2013-07-04,14200,                  11.43,                   1.09,                   8.95,                   0.82,                   3.17
2013-07-05,14200,                  11.43,                   1.09,                   8.95,                   0.82,                   3.17
2013-07-08,14050,                  11.31,                   1.08,                   8.86,                   0.81,                   3.20
2013-07-09,14100,                  11.35,                   1.09,                   8.89,                   0.82,                   3.19
2013-07-10,14100,                  11.35,                   1.09,                   8.89,                   0.82,                   3.19
2013-07-11,14200,                  11.43,                   1.09,                   8.95,                   0.82,                   3.17
2013-07-12,14200,                  11.43,                   1.09,                   8.95,                   0.82,                   3.17
2013-07-15,13950,                  11.23,                   1.08,                   8.80,                   0.81,                   3.23
2013-07-16,13750,                  11.07,                   1.06,                   8.67,                   0.80,                   3.27
2013-07-17,13900,                  11.19,                   1.07,                   8.76,                   0.80,                   3.24
2013-07-18,13650,                  10.99,                   1.05,                   8.61,                   0.79,                   3.30
2013-07-19,13500,                  10.87,                   1.04,                   8.51,                   0.78,                   3.33
2013-07-22,13800,                  11.11,                   1.06,                   8.70,                   0.80,                   3.26
2013-07-23,13750,                  11.07,                   1.06,                   8.67,                   0.80,                   3.27
2013-07-24,13600,                  10.95,                   1.05,                   8.58,                   0.79,                   3.31
2013-07-25,13600,                  10.95,                   1.05,                   8.58,                   0.79,                   3.31
2013-07-26,13650,                  10.99,                   1.05,                   8.61,                   0.79,                   3.30
2013-07-29,13900,                  11.19,                   1.07,                   8.76,                   0.80,                   3.24
2013-07-30,13850,                  11.15,                   1.07,                   8.73,                   0.80,                   3.25
2013-07-31,14550,                  11.71,                   1.12,                   9.17,                   0.84,                   3.09
2013-08-01,14800,                  11.91,                   1.14,                   9.33,                   0.86,                   3.04
2013-08-02,15200,                  12.24,                   1.17,                   9.58,                   0.88,                   2.96
2013-08-05,15600,                  12.56,                   1.20,                   9.84,                   0.90,                   2.88
2013-08-06,15150,                  12.20,                   1.17,                   9.55,                   0.88,                   2.97
2013-08-07,15050,                  12.11,                   1.16,                   9.49,                   0.87,                   2.99
2013-08-08,15000,                  12.07,                   1.16,                   9.46,                   0.87,                   3.00
2013-08-09,15350,                  12.36,                   1.18,                   9.68,                   0.89,                   2.93
2013-08-12,15400,                  12.40,                   1.19,                   9.71,                   0.89,                   2.92
2013-08-13,15450,                  12.44,                   1.19,                   9.74,                   0.89,                   2.91
2013-08-14,15100,                  12.15,                   1.16,                   9.52,                   0.87,                   2.98
2013-08-16,14800,                  11.91,                   1.14,                   9.33,                   0.86,                   3.04
2013-08-19,14600,                  11.75,                   1.13,                   9.21,                   0.84,                   3.08
2013-08-20,14450,                  11.63,                   1.11,                   9.11,                   0.84,                   3.11
2013-08-21,14500,                  11.67,                   1.12,                   9.14,                   0.84,                   3.10
2013-08-22,13950,                  11.23,                   1.08,                   8.80,                   0.81,                   3.23
2013-08-23,14250,                  11.47,                   1.10,                   8.99,                   0.82,                   3.16
2013-08-26,13950,                  11.23,                   1.08,                   8.80,                   0.81,                   3.23
2013-08-27,13850,                  11.15,                   1.07,                   8.73,                   0.80,                   3.25
2013-08-28,13450,                  10.83,                   1.04,                   8.48,                   0.78,                   3.35
2013-08-29,12750,                  10.26,                   0.98,                   8.04,                   0.74,                   3.53
2013-08-30,13900,                  11.19,                   1.07,                   8.76,                   0.80,                   3.24
2013-09-02,13900,                  11.19,                   1.07,                   8.76,                   0.80,                   3.24
2013-09-03,14400,                  11.59,                   1.11,                   9.08,                   0.83,                   3.13
2013-09-04,14250,                  11.47,                   1.10,                   8.99,                   0.82,                   3.16
2013-09-05,14350,                  11.55,                   1.11,                   9.05,                   0.83,                   3.14
2013-09-06,14150,                  11.39,                   1.09,                   8.92,                   0.82,                   3.18
2013-09-09,13950,                  11.23,                   1.08,                   8.80,                   0.81,                   3.23
2013-09-10,13950,                  11.23,                   1.08,                   8.80,                   0.81,                   3.23
2013-09-11,13800,                  11.11,                   1.06,                   8.70,                   0.80,                   3.26
2013-09-12,13650,                  10.99,                   1.05,                   8.61,                   0.79,                   3.30
2013-09-13,13900,                  11.19,                   1.07,                   8.76,                   0.80,                   3.24
2013-09-16,13900,                  11.19,                   1.07,                   8.76,                   0.80,                   3.24
2013-09-17,14050,                  11.31,                   1.08,                   8.86,                   0.81,                   3.20
2013-09-23,14150,                  11.39,                   1.09,                   8.92,                   0.82,                   3.18
2013-09-24,13700,                  11.03,                   1.06,                   8.64,                   0.79,                   3.28
2013-09-25,13500,                  10.87,                   1.04,                   8.51,                   0.78,                   3.33
2013-09-26,13550,                  10.91,                   1.04,                   8.54,                   0.78,                   3.32
2013-09-27,13750,                  11.07,                   1.06,                   8.67,                   0.80,                   3.27
2013-09-30,13850,                  11.15,                   1.07,                   8.73,                   0.80,                   3.25
2013-10-01,13650,                  10.99,                   1.05,                   8.61,                   0.79,                   3.30
2013-10-02,13750,                  11.07,                   1.06,                   8.67,                   0.80,                   3.27
2013-10-04,13600,                  10.95,                   1.05,                   8.58,                   0.79,                   3.31
2013-10-07,13150,                  10.59,                   1.01,                   8.29,                   0.76,                   3.42
2013-10-08,13200,                  10.63,                   1.02,                   8.32,                   0.76,                   3.41
2013-10-10,13150,                  10.59,                   1.01,                   8.29,                   0.76,                   3.42
2013-10-11,13400,                  10.79,                   1.03,                   8.45,                   0.78,                   3.36
2013-10-14,13450,                  10.83,                   1.04,                   8.48,                   0.78,                   3.35
2013-10-15,13400,                  10.79,                   1.03,                   8.45,                   0.78,                   3.36
2013-10-16,13400,                  10.79,                   1.03,                   8.45,                   0.78,                   3.36
2013-10-17,13300,                  10.71,                   1.03,                   8.39,                   0.77,                   3.38
2013-10-18,13250,                  10.67,                   1.02,                   8.35,                   0.77,                   3.40
2013-10-21,13400,                  10.79,                   1.03,                   8.45,                   0.78,                   3.36
2013-10-22,13450,                  10.83,                   1.04,                   8.48,                   0.78,                   3.35
2013-10-23,13400,                  10.79,                   1.03,                   8.45,                   0.78,                   3.36
2013-10-24,13300,                  10.71,                   1.03,                   8.39,                   0.77,                   3.38
2013-10-25,13450,                  10.83,                   1.04,                   8.48,                   0.78,                   3.35
2013-10-28,13250,                  10.67,                   1.02,                   8.35,                   0.77,                   3.40
2013-10-29,13250,                  10.67,                   1.02,                   8.35,                   0.77,                   3.40
2013-10-30,13250,                  10.67,                   1.02,                   8.35,                   0.77,                   3.40
2013-10-31,13200,                  10.63,                   1.02,                   8.32,                   0.76,                   3.41
2013-11-01,13200,                  10.63,                   1.02,                   8.32,                   0.76,                   3.41
2013-11-04,13200,                  10.63,                   1.02,                   8.32,                   0.76,                   3.41
2013-11-05,13050,                  10.50,                   1.01,                   8.23,                   0.75,                   3.45
2013-11-06,13100,                  10.55,                   1.01,                   8.26,                   0.76,                   3.44
2013-11-07,13000,                  10.46,                   1.00,                   8.20,                   0.75,                   3.46
2013-11-08,13050,                  10.50,                   1.01,                   8.23,                   0.75,                   3.45
2013-11-11,12750,                  10.26,                   0.98,                   8.04,                   0.74,                   3.53
2013-11-12,12850,                  10.34,                   0.99,                   8.10,                   0.74,                   3.50
2013-11-13,12600,                  10.14,                   0.97,                   7.94,                   0.73,                   3.57
2013-11-14,12450,                  10.02,                   0.96,                   7.85,                   0.72,                   3.61
2013-11-15,12750,                  10.26,                   0.98,                   8.04,                   0.74,                   3.53
2013-11-18,12450,                  10.02,                   0.96,                   7.85,                   0.72,                   3.61
2013-11-19,12450,                  10.02,                   0.96,                   7.85,                   0.72,                   3.61
2013-11-20,12300,                   9.90,                   0.95,                   7.76,                   0.71,                   3.66
2013-11-21,12000,                   9.66,                   0.92,                   7.57,                   0.69,                   3.75
2013-11-22,12100,                   9.74,                   0.93,                   7.63,                   0.70,                   3.72
2013-11-25,12150,                   9.78,                   0.94,                   7.66,                   0.70,                   3.70
2013-11-26,12350,                   9.94,                   0.95,                   7.79,                   0.71,                   3.64
2013-11-27,12800,                  10.30,                   0.99,                   8.07,                   0.74,                   3.52
2013-11-28,12900,                  10.38,                   0.99,                   8.13,                   0.75,                   3.49
2013-11-29,13300,                  10.71,                   1.03,                   8.39,                   0.77,                   3.38
2013-12-02,13100,                  10.55,                   1.01,                   8.26,                   0.76,                   3.44
2013-12-03,13150,                  10.59,                   1.01,                   8.29,                   0.76,                   3.42
2013-12-04,13050,                  10.50,                   1.01,                   8.23,                   0.75,                   3.45
2013-12-05,13000,                  10.46,                   1.00,                   8.20,                   0.75,                   3.46
2013-12-06,13050,                  10.50,                   1.01,                   8.23,                   0.75,                   3.45
2013-12-09,12900,                  10.38,                   0.99,                   8.13,                   0.75,                   3.49
2013-12-10,12800,                  10.30,                   0.99,                   8.07,                   0.74,                   3.52
2013-12-11,12550,                  10.10,                   0.97,                   7.91,                   0.73,                   3.59
2013-12-12,12450,                  10.02,                   0.96,                   7.85,                   0.72,                   3.61
2013-12-13,12500,                  10.06,                   0.96,                   7.88,                   0.72,                   3.60
2013-12-16,12650,                  10.18,                   0.97,                   7.98,                   0.73,                   3.56
2013-12-17,12750,                  10.26,                   0.98,                   8.04,                   0.74,                   3.53
2013-12-18,12750,                  10.26,                   0.98,                   8.04,                   0.74,                   3.53
2013-12-19,12900,                  10.38,                   0.99,                   8.13,                   0.75,                   3.49
2013-12-20,12900,                  10.38,                   0.99,                   8.13,                   0.75,                   3.49
2013-12-23,12800,                  10.30,                   0.99,                   8.07,                   0.74,                   3.52
2013-12-24,12800,                  10.30,                   0.99,                   8.07,                   0.74,                   3.52
2013-12-26,12750,                  10.26,                   0.98,                   8.04,                   0.74,                   3.53
2013-12-27,12500,                  10.06,                   0.96,                   7.88,                   0.72,                   3.60
2013-12-30,12450,                  10.02,                   0.96,                   7.85,                   0.72,                   3.61
2014-01-02,12250,                  13.94,                   0.88,                   9.48,                   0.65,                   2.04
2014-01-03,12200,                  13.88,                   0.88,                   9.44,                   0.64,                   2.05
2014-01-06,12300,                  13.99,                   0.89,                   9.52,                   0.65,                   2.03
2014-01-07,12350,                  14.05,                   0.89,                   9.56,                   0.65,                   2.02
2014-01-08,12350,                  14.05,                   0.89,                   9.56,                   0.65,                   2.02
2014-01-09,12450,                  14.16,                   0.90,                   9.64,                   0.66,                   2.01
2014-01-10,12550,                  14.28,                   0.90,                   9.71,                   0.66,                   1.99
2014-01-13,12550,                  14.28,                   0.90,                   9.71,                   0.66,                   1.99
2014-01-14,12500,                  14.22,                   0.90,                   9.68,                   0.66,                   2.00
2014-01-15,12850,                  14.62,                   0.93,                   9.95,                   0.68,                   1.95
2014-01-16,12950,                  14.73,                   0.93,                  10.02,                   0.68,                   1.93
2014-01-17,13050,                  14.85,                   0.94,                  10.10,                   0.69,                   1.92
2014-01-20,13300,                  15.13,                   0.96,                  10.30,                   0.70,                   1.88
2014-01-21,13350,                  15.19,                   0.96,                  10.33,                   0.70,                   1.87
2014-01-22,13300,                  15.13,                   0.96,                  10.30,                   0.70,                   1.88
2014-01-23,13150,                  14.96,                   0.95,                  10.18,                   0.69,                   1.90
2014-01-24,13150,                  14.96,                   0.95,                  10.18,                   0.69,                   1.90
2014-01-27,13050,                  14.85,                   0.94,                  10.10,                   0.69,                   1.92
2014-01-28,13000,                  14.79,                   0.94,                  10.06,                   0.69,                   1.92
2014-01-29,13300,                  15.13,                   0.96,                  10.30,                   0.70,                   1.88
2014-02-03,14300,                  16.27,                   1.03,                  11.07,                   0.76,                   1.75
2014-02-04,14500,                  16.50,                   1.04,                  11.22,                   0.77,                   1.72
2014-02-05,15300,                  17.41,                   1.10,                  11.84,                   0.81,                   1.63
2014-02-06,15800,                  17.97,                   1.14,                  12.23,                   0.83,                   1.58
2014-02-07,16000,                  18.20,                   1.15,                  12.39,                   0.84,                   1.56
2014-02-10,15900,                  18.09,                   1.15,                  12.31,                   0.84,                   1.57
2014-02-11,16100,                  18.32,                   1.16,                  12.46,                   0.85,                   1.55
2014-02-12,16350,                  18.60,                   1.18,                  12.66,                   0.86,                   1.53
2014-02-13,16400,                  18.66,                   1.18,                  12.70,                   0.87,                   1.52
2014-02-14,16200,                  18.43,                   1.17,                  12.54,                   0.86,                   1.54
2014-02-17,15850,                  18.03,                   1.14,                  12.27,                   0.84,                   1.58
2014-02-18,16100,                  18.32,                   1.16,                  12.46,                   0.85,                   1.55
2014-02-19,15750,                  17.92,                   1.13,                  12.19,                   0.83,                   1.59
2014-02-20,16250,                  18.49,                   1.17,                  12.58,                   0.86,                   1.54
2014-02-21,16750,                  19.06,                   1.21,                  12.97,                   0.88,                   1.49
2014-02-24,16050,                  18.26,                   1.16,                  12.42,                   0.85,                   1.56
2014-02-25,15850,                  18.03,                   1.14,                  12.27,                   0.84,                   1.58
2014-02-26,16100,                  18.32,                   1.16,                  12.46,                   0.85,                   1.55
2014-02-27,16250,                  18.49,                   1.17,                  12.58,                   0.86,                   1.54
2014-02-28,16350,                  18.60,                   1.18,                  12.66,                   0.86,                   1.53
2014-03-03,16200,                  18.43,                   1.17,                  12.54,                   0.86,                   1.54
2014-03-04,16200,                  18.43,                   1.17,                  12.54,                   0.86,                   1.54
2014-03-05,16000,                  18.20,                   1.15,                  12.39,                   0.84,                   1.56
2014-03-06,16000,                  18.20,                   1.15,                  12.39,                   0.84,                   1.56
2014-03-07,15500,                  17.63,                   1.12,                  12.00,                   0.82,                   1.61
2014-03-10,15700,                  17.86,                   1.13,                  12.15,                   0.83,                   1.59
2014-03-11,16150,                  18.37,                   1.16,                  12.50,                   0.85,                   1.55
2014-03-12,16100,                  18.32,                   1.16,                  12.46,                   0.85,                   1.55
2014-03-13,16200,                  18.43,                   1.17,                  12.54,                   0.86,                   1.54
2014-03-14,15900,                  18.09,                   1.15,                  12.31,                   0.84,                   1.57
2014-03-17,15400,                  17.52,                   1.11,                  11.92,                   0.81,                   1.62
2014-03-18,15250,                  17.35,                   1.10,                  11.80,                   0.81,                   1.64
2014-03-19,15300,                  17.41,                   1.10,                  11.84,                   0.81,                   1.63
2014-03-20,15300,                  17.41,                   1.10,                  11.84,                   0.81,                   1.63
2014-03-21,16500,                  18.77,                   1.19,                  12.77,                   0.87,                   1.52
2014-03-24,16000,                  18.20,                   1.15,                  12.39,                   0.84,                   1.56
2014-03-25,15550,                  17.69,                   1.12,                  12.04,                   0.82,                   1.61
2014-03-26,15750,                  17.92,                   1.13,                  12.19,                   0.83,                   1.59
2014-03-27,16000,                  18.20,                   1.15,                  12.39,                   0.84,                   1.56
2014-03-28,15900,                  18.09,                   1.15,                  12.31,                   0.84,                   1.57
2014-03-31,16050,                  18.26,                   1.16,                  12.42,                   0.85,                   1.56
2014-04-01,16250,                  18.49,                   1.17,                  12.58,                   0.86,                   1.54
2014-04-02,16150,                  18.37,                   1.16,                  12.50,                   0.85,                   1.55
2014-04-03,15750,                  17.92,                   1.13,                  12.19,                   0.83,                   1.59
2014-04-04,15500,                  17.63,                   1.12,                  12.00,                   0.82,                   1.61
2014-04-07,15400,                  17.52,                   1.11,                  11.92,                   0.81,                   1.62
2014-04-08,15050,                  17.12,                   1.08,                  11.65,                   0.79,                   1.66
2014-04-09,15200,                  17.29,                   1.09,                  11.77,                   0.80,                   1.64
2014-04-10,15300,                  17.41,                   1.10,                  11.84,                   0.81,                   1.63
2014-04-11,15300,                  17.41,                   1.10,                  11.84,                   0.81,                   1.63
2014-04-14,15050,                  17.12,                   1.08,                  11.65,                   0.79,                   1.66
2014-04-15,14950,                  17.01,                   1.08,                  11.57,                   0.79,                   1.67
2014-04-16,14900,                  16.95,                   1.07,                  11.53,                   0.79,                   1.68
2014-04-17,14950,                  17.01,                   1.08,                  11.57,                   0.79,                   1.67
2014-04-18,14600,                  16.61,                   1.05,                  11.30,                   0.77,                   1.71
2014-04-21,14500,                  16.50,                   1.04,                  11.22,                   0.77,                   1.72
2014-04-22,14800,                  16.84,                   1.07,                  11.46,                   0.78,                   1.69
2014-04-23,14650,                  16.67,                   1.06,                  11.34,                   0.77,                   1.71
2014-04-24,14350,                  16.32,                   1.03,                  11.11,                   0.76,                   1.74
2014-04-25,14350,                  16.32,                   1.03,                  11.11,                   0.76,                   1.74
2014-04-28,14300,                  16.27,                   1.03,                  11.07,                   0.76,                   1.75
2014-04-29,14500,                  16.50,                   1.04,                  11.22,                   0.77,                   1.72
2014-04-30,14200,                  16.15,                   1.02,                  10.99,                   0.75,                   1.76
2014-05-02,14650,                  16.67,                   1.06,                  11.34,                   0.77,                   1.71
2014-05-07,14850,                  16.89,                   1.07,                  11.50,                   0.78,                   1.68
2014-05-08,15000,                  17.06,                   1.08,                  11.61,                   0.79,                   1.67
2014-05-09,14650,                  16.67,                   1.06,                  11.34,                   0.77,                   1.71
2014-05-12,14550,                  16.55,                   1.05,                  11.26,                   0.77,                   1.72
2014-05-13,14350,                  16.32,                   1.03,                  11.11,                   0.76,                   1.74
2014-05-14,14550,                  16.55,                   1.05,                  11.26,                   0.77,                   1.72
2014-05-15,15650,                  17.80,                   1.13,                  12.11,                   0.83,                   1.60
2014-05-16,15950,                  18.15,                   1.15,                  12.35,                   0.84,                   1.57
2014-05-19,16050,                  18.26,                   1.16,                  12.42,                   0.85,                   1.56
2014-05-20,16100,                  18.32,                   1.16,                  12.46,                   0.85,                   1.55
2014-05-21,16500,                  18.77,                   1.19,                  12.77,                   0.87,                   1.52
2014-05-22,16400,                  18.66,                   1.18,                  12.70,                   0.87,                   1.52
2014-05-23,16600,                  18.88,                   1.20,                  12.85,                   0.88,                   1.51
2014-05-26,16500,                  18.77,                   1.19,                  12.77,                   0.87,                   1.52
2014-05-27,16450,                  18.71,                   1.18,                  12.73,                   0.87,                   1.52
2014-05-28,16450,                  18.71,                   1.18,                  12.73,                   0.87,                   1.52
2014-05-29,16400,                  18.66,                   1.18,                  12.70,                   0.87,                   1.52
2014-05-30,16900,                  19.23,                   1.22,                  13.08,                   0.89,                   1.48
2014-06-02,15950,                  18.15,                   1.15,                  12.35,                   0.84,                   1.57
2014-06-03,16650,                  18.94,                   1.20,                  12.89,                   0.88,                   1.50
2014-06-05,16750,                  19.06,                   1.21,                  12.97,                   0.88,                   1.49
2014-06-09,16400,                  18.66,                   1.18,                  12.70,                   0.87,                   1.52
2014-06-10,16450,                  18.71,                   1.18,                  12.73,                   0.87,                   1.52
2014-06-11,16950,                  19.28,                   1.22,                  13.12,                   0.89,                   1.47
2014-06-12,17250,                  19.62,                   1.24,                  13.35,                   0.91,                   1.45
2014-06-13,17150,                  19.51,                   1.24,                  13.28,                   0.91,                   1.46
2014-06-16,17000,                  19.34,                   1.22,                  13.16,                   0.90,                   1.47
2014-06-17,17000,                  19.34,                   1.22,                  13.16,                   0.90,                   1.47
2014-06-18,16800,                  19.11,                   1.21,                  13.00,                   0.89,                   1.49
2014-06-19,16900,                  19.23,                   1.22,                  13.08,                   0.89,                   1.48
2014-06-20,16700,                  19.00,                   1.20,                  12.93,                   0.88,                   1.50
2014-06-23,16450,                  18.71,                   1.18,                  12.73,                   0.87,                   1.52
2014-06-24,16500,                  18.77,                   1.19,                  12.77,                   0.87,                   1.52
2014-06-25,16250,                  18.49,                   1.17,                  12.58,                   0.86,                   1.54
2014-06-26,16550,                  18.83,                   1.19,                  12.81,                   0.87,                   1.51
2014-06-27,16450,                  18.71,                   1.18,                  12.73,                   0.87,                   1.52
2014-06-30,16950,                  19.28,                   1.22,                  13.12,                   0.89,                   1.47
2014-07-01,16950,                  19.28,                   1.22,                  13.12,                   0.89,                   1.47
2014-07-02,17000,                  19.34,                   1.22,                  13.16,                   0.90,                   1.47
2014-07-03,16900,                  19.23,                   1.22,                  13.08,                   0.89,                   1.48
2014-07-04,16950,                  19.28,                   1.22,                  13.12,                   0.89,                   1.47
2014-07-07,16950,                  19.28,                   1.22,                  13.12,                   0.89,                   1.47
2014-07-08,17550,                  19.97,                   1.26,                  13.59,                   0.93,                   1.42
2014-07-09,17050,                  19.40,                   1.23,                  13.20,                   0.90,                   1.47
2014-07-10,16500,                  18.77,                   1.19,                  12.77,                   0.87,                   1.52
2014-07-11,16900,                  19.23,                   1.22,                  13.08,                   0.89,                   1.48
2014-07-14,17050,                  19.40,                   1.23,                  13.20,                   0.90,                   1.47
2014-07-15,17100,                  19.45,                   1.23,                  13.24,                   0.90,                   1.46
2014-07-16,16650,                  18.94,                   1.20,                  12.89,                   0.88,                   1.50
2014-07-17,16800,                  19.11,                   1.21,                  13.00,                   0.89,                   1.49
2014-07-18,16950,                  19.28,                   1.22,                  13.12,                   0.89,                   1.47
2014-07-21,16850,                  19.17,                   1.21,                  13.04,                   0.89,                   1.48
2014-07-22,16800,                  19.11,                   1.21,                  13.00,                   0.89,                   1.49
2014-07-23,16300,                  18.54,                   1.17,                  12.62,                   0.86,                   1.53
2014-07-24,16350,                  18.60,                   1.18,                  12.66,                   0.86,                   1.53
2014-07-25,16800,                  19.11,                   1.21,                  13.00,                   0.89,                   1.49
2014-07-28,16550,                  18.83,                   1.19,                  12.81,                   0.87,                   1.51
2014-07-29,16450,                  18.71,                   1.18,                  12.73,                   0.87,                   1.52
2014-07-30,16200,                  18.43,                   1.17,                  12.54,                   0.86,                   1.54
2014-07-31,15600,                  17.75,                   1.12,                  12.08,                   0.82,                   1.60
2014-08-01,16400,                  18.66,                   1.18,                  12.70,                   0.87,                   1.52
2014-08-04,16800,                  19.11,                   1.21,                  13.00,                   0.89,                   1.49
2014-08-05,16350,                  18.60,                   1.18,                  12.66,                   0.86,                   1.53
2014-08-06,15650,                  17.80,                   1.13,                  12.11,                   0.83,                   1.60
2014-08-07,15600,                  17.75,                   1.12,                  12.08,                   0.82,                   1.60
2014-08-08,15750,                  17.92,                   1.13,                  12.19,                   0.83,                   1.59
2014-08-11,15550,                  17.69,                   1.12,                  12.04,                   0.82,                   1.61
2014-08-12,15850,                  18.03,                   1.14,                  12.27,                   0.84,                   1.58
2014-08-13,16100,                  18.32,                   1.16,                  12.46,                   0.85,                   1.55
2014-08-14,16200,                  18.43,                   1.17,                  12.54,                   0.86,                   1.54
2014-08-18,16000,                  18.20,                   1.15,                  12.39,                   0.84,                   1.56
2014-08-19,16100,                  18.32,                   1.16,                  12.46,                   0.85,                   1.55
2014-08-20,16250,                  18.49,                   1.17,                  12.58,                   0.86,                   1.54
2014-08-21,16050,                  18.26,                   1.16,                  12.42,                   0.85,                   1.56
2014-08-22,15850,                  18.03,                   1.14,                  12.27,                   0.84,                   1.58
2014-08-25,16300,                  18.54,                   1.17,                  12.62,                   0.86,                   1.53
2014-08-26,16600,                  18.88,                   1.20,                  12.85,                   0.88,                   1.51
2014-08-27,16600,                  18.88,                   1.20,                  12.85,                   0.88,                   1.51
2014-08-28,16650,                  18.94,                   1.20,                  12.89,                   0.88,                   1.50
2014-08-29,16600,                  18.88,                   1.20,                  12.85,                   0.88,                   1.51
2014-09-01,16600,                  18.88,                   1.20,                  12.85,                   0.88,                   1.51
2014-09-02,16850,                  19.17,                   1.21,                  13.04,                   0.89,                   1.48
2014-09-03,17100,                  19.45,                   1.23,                  13.24,                   0.90,                   1.46
2014-09-04,17400,                  19.79,                   1.25,                  13.47,                   0.92,                   1.44
2014-09-05,17600,                  20.02,                   1.27,                  13.62,                   0.93,                   1.42
2014-09-11,17700,                  20.14,                   1.27,                  13.70,                   0.93,                   1.41
2014-09-12,17450,                  19.85,                   1.26,                  13.51,                   0.92,                   1.43
2014-09-15,17600,                  20.02,                   1.27,                  13.62,                   0.93,                   1.42
2014-09-16,18050,                  20.53,                   1.30,                  13.97,                   0.95,                   1.39
2014-09-17,17950,                  20.42,                   1.29,                  13.89,                   0.95,                   1.39
2014-09-18,17750,                  20.19,                   1.28,                  13.74,                   0.94,                   1.41
2014-09-19,18300,                  20.82,                   1.32,                  14.17,                   0.97,                   1.37
2014-09-22,18600,                  21.16,                   1.34,                  14.40,                   0.98,                   1.34
2014-09-23,18800,                  21.39,                   1.35,                  14.55,                   0.99,                   1.33
2014-09-24,19100,                  21.73,                   1.38,                  14.79,                   1.01,                   1.31
2014-09-25,19850,                  22.58,                   1.43,                  15.37,                   1.05,                   1.26
2014-09-26,19950,                  22.70,                   1.44,                  15.44,                   1.05,                   1.25
2014-09-29,19550,                  22.24,                   1.41,                  15.13,                   1.03,                   1.28
2014-09-30,19300,                  21.96,                   1.39,                  14.94,                   1.02,                   1.30
2014-10-01,19200,                  21.84,                   1.38,                  14.86,                   1.01,                   1.30
2014-10-02,20000,                  22.75,                   1.44,                  15.48,                   1.06,                   1.25
2014-10-06,20250,                  23.04,                   1.46,                  15.68,                   1.07,                   1.23
2014-10-07,20450,                  23.26,                   1.47,                  15.83,                   1.08,                   1.22
2014-10-08,21500,                  24.46,                   1.55,                  16.64,                   1.14,                   1.16
2014-10-10,20800,                  23.66,                   1.50,                  16.10,                   1.10,                   1.20
2014-10-13,20750,                  23.61,                   1.49,                  16.06,                   1.10,                   1.20
2014-10-14,20350,                  23.15,                   1.47,                  15.75,                   1.07,                   1.23
2014-10-15,20200,                  22.98,                   1.45,                  15.64,                   1.07,                   1.24
2014-10-16,20500,                  23.32,                   1.48,                  15.87,                   1.08,                   1.22
2014-10-17,23200,                  26.39,                   1.67,                  17.96,                   1.22,                   1.08
2014-10-20,22050,                  25.08,                   1.59,                  17.07,                   1.16,                   1.13
2014-10-21,22800,                  25.94,                   1.64,                  17.65,                   1.20,                   1.10
2014-10-22,22500,                  25.60,                   1.62,                  17.42,                   1.19,                   1.11
2014-10-23,23050,                  26.22,                   1.66,                  17.84,                   1.22,                   1.08
2014-10-24,22850,                  25.99,                   1.65,                  17.69,                   1.21,                   1.09
2014-10-27,22800,                  25.94,                   1.64,                  17.65,                   1.20,                   1.10
2014-10-28,23200,                  26.39,                   1.67,                  17.96,                   1.22,                   1.08
2014-10-29,22650,                  25.77,                   1.63,                  17.53,                   1.20,                   1.10
2014-10-30,22150,                  25.20,                   1.60,                  17.15,                   1.17,                   1.13
2014-10-31,22450,                  25.54,                   1.62,                  17.38,                   1.19,                   1.11
2014-11-03,22600,                  25.71,                   1.63,                  17.49,                   1.19,                   1.11
2014-11-04,23100,                  26.28,                   1.66,                  17.88,                   1.22,                   1.08
2014-11-05,24850,                  28.27,                   1.79,                  19.24,                   1.31,                   1.01
2014-11-06,23700,                  26.96,                   1.71,                  18.35,                   1.25,                   1.05
2014-11-07,22600,                  25.71,                   1.63,                  17.49,                   1.19,                   1.11
2014-11-10,21700,                  24.69,                   1.56,                  16.80,                   1.15,                   1.15
2014-11-11,21700,                  24.69,                   1.56,                  16.80,                   1.15,                   1.15
2014-11-12,21550,                  24.52,                   1.55,                  16.68,                   1.14,                   1.16
2014-11-13,21400,                  24.35,                   1.54,                  16.57,                   1.13,                   1.17
2014-11-14,20950,                  23.83,                   1.51,                  16.22,                   1.11,                   1.19
2014-11-17,20500,                  23.32,                   1.48,                  15.87,                   1.08,                   1.22
2014-11-18,21400,                  24.35,                   1.54,                  16.57,                   1.13,                   1.17
2014-11-19,20800,                  23.66,                   1.50,                  16.10,                   1.10,                   1.20
2014-11-20,20600,                  23.43,                   1.48,                  15.95,                   1.09,                   1.21
2014-11-21,20550,                  23.38,                   1.48,                  15.91,                   1.09,                   1.22
2014-11-24,20350,                  23.15,                   1.47,                  15.75,                   1.07,                   1.23
2014-11-25,20200,                  22.98,                   1.45,                  15.64,                   1.07,                   1.24
2014-11-26,20900,                  23.78,                   1.51,                  16.18,                   1.10,                   1.20
2014-11-27,21200,                  24.12,                   1.53,                  16.41,                   1.12,                   1.18
2014-11-28,21000,                  23.89,                   1.51,                  16.26,                   1.11,                   1.19
2014-12-01,20900,                  23.78,                   1.51,                  16.18,                   1.10,                   1.20
2014-12-02,22000,                  25.03,                   1.58,                  17.03,                   1.16,                   1.14
2014-12-03,21700,                  24.69,                   1.56,                  16.80,                   1.15,                   1.15
2014-12-04,21600,                  24.57,                   1.56,                  16.72,                   1.14,                   1.16
2014-12-05,21750,                  24.74,                   1.57,                  16.84,                   1.15,                   1.15
2014-12-08,21100,                  24.00,                   1.52,                  16.33,                   1.11,                   1.18
2014-12-09,20650,                  23.49,                   1.49,                  15.98,                   1.09,                   1.21
2014-12-10,20500,                  23.32,                   1.48,                  15.87,                   1.08,                   1.22
2014-12-11,21200,                  24.12,                   1.53,                  16.41,                   1.12,                   1.18
2014-12-12,20750,                  23.61,                   1.49,                  16.06,                   1.10,                   1.20
2014-12-15,20800,                  23.66,                   1.50,                  16.10,                   1.10,                   1.20
2014-12-16,21700,                  24.69,                   1.56,                  16.80,                   1.15,                   1.15
2014-12-17,22050,                  25.08,                   1.59,                  17.07,                   1.16,                   1.13
2014-12-18,21500,                  24.46,                   1.55,                  16.64,                   1.14,                   1.16
2014-12-19,21750,                  24.74,                   1.57,                  16.84,                   1.15,                   1.15
2014-12-22,20850,                  23.72,                   1.50,                  16.14,                   1.10,                   1.20
2014-12-23,20850,                  23.72,                   1.50,                  16.14,                   1.10,                   1.20
2014-12-24,20850,                  23.72,                   1.50,                  16.14,                   1.10,                   1.20
2014-12-26,21150,                  24.06,                   1.52,                  16.37,                   1.12,                   1.18
2014-12-29,21250,                  24.17,                   1.53,                  16.45,                   1.12,                   1.18
2014-12-30,20900,                  23.78,                   1.51,                  16.18,                   1.10,                   1.20
2015-01-02,20600,                  17.98,                   1.42,                  12.33,                   0.98,                   1.46
2015-01-05,20400,                  17.81,                   1.40,                  12.21,                   0.97,                   1.47
2015-01-06,20300,                  17.72,                   1.40,                  12.15,                   0.96,                   1.48
2015-01-07,20100,                  17.54,                   1.38,                  12.03,                   0.95,                   1.49
2015-01-08,20000,                  17.46,                   1.38,                  11.97,                   0.95,                   1.50
2015-01-09,20650,                  18.02,                   1.42,                  12.35,                   0.98,                   1.45
2015-01-12,20600,                  17.98,                   1.42,                  12.33,                   0.98,                   1.46
2015-01-13,21150,                  18.46,                   1.46,                  12.65,                   1.00,                   1.42
2015-01-14,21250,                  18.55,                   1.46,                  12.71,                   1.01,                   1.41
2015-01-15,21350,                  18.64,                   1.47,                  12.77,                   1.01,                   1.41
2015-01-16,21150,                  18.46,                   1.46,                  12.65,                   1.00,                   1.42
2015-01-19,20800,                  18.15,                   1.43,                  12.44,                   0.99,                   1.44
2015-01-20,20700,                  18.07,                   1.43,                  12.38,                   0.98,                   1.45
2015-01-21,22150,                  19.33,                   1.53,                  13.25,                   1.05,                   1.35
2015-01-22,22150,                  19.33,                   1.53,                  13.25,                   1.05,                   1.35
2015-01-23,22100,                  19.29,                   1.52,                  13.22,                   1.05,                   1.36
2015-01-26,21500,                  18.77,                   1.48,                  12.86,                   1.02,                   1.40
2015-01-27,21600,                  18.85,                   1.49,                  12.92,                   1.02,                   1.39
2015-01-28,22700,                  19.81,                   1.56,                  13.58,                   1.08,                   1.32
2015-01-29,22300,                  19.46,                   1.54,                  13.34,                   1.06,                   1.35
2015-01-30,21900,                  19.12,                   1.51,                  13.10,                   1.04,                   1.37
2015-02-02,21700,                  18.94,                   1.49,                  12.98,                   1.03,                   1.38
2015-02-03,21250,                  18.55,                   1.46,                  12.71,                   1.01,                   1.41
2015-02-04,21500,                  18.77,                   1.48,                  12.86,                   1.02,                   1.40
2015-02-05,22000,                  19.20,                   1.51,                  13.16,                   1.04,                   1.36
2015-02-06,22150,                  19.33,                   1.53,                  13.25,                   1.05,                   1.35
2015-02-09,22900,                  19.99,                   1.58,                  13.70,                   1.09,                   1.31
2015-02-10,22400,                  19.55,                   1.54,                  13.40,                   1.06,                   1.34
2015-02-11,22650,                  19.77,                   1.56,                  13.55,                   1.07,                   1.32
2015-02-12,22600,                  19.73,                   1.56,                  13.52,                   1.07,                   1.33
2015-02-13,22900,                  19.99,                   1.58,                  13.70,                   1.09,                   1.31
2015-02-16,22950,                  20.03,                   1.58,                  13.73,                   1.09,                   1.31
2015-02-17,23150,                  20.21,                   1.59,                  13.85,                   1.10,                   1.30
2015-02-23,22800,                  19.90,                   1.57,                  13.64,                   1.08,                   1.32
2015-02-24,22800,                  19.90,                   1.57,                  13.64,                   1.08,                   1.32
2015-02-25,22400,                  19.55,                   1.54,                  13.40,                   1.06,                   1.34
2015-02-26,22200,                  19.38,                   1.53,                  13.28,                   1.05,                   1.35
2015-02-27,22000,                  19.20,                   1.51,                  13.16,                   1.04,                   1.36
2015-03-02,22100,                  19.29,                   1.52,                  13.22,                   1.05,                   1.36
2015-03-03,21850,                  19.07,                   1.50,                  13.07,                   1.04,                   1.37
2015-03-04,21700,                  18.94,                   1.49,                  12.98,                   1.03,                   1.38
2015-03-05,21650,                  18.90,                   1.49,                  12.95,                   1.03,                   1.39
2015-03-06,21550,                  18.81,                   1.48,                  12.89,                   1.02,                   1.39
2015-03-09,21450,                  18.72,                   1.48,                  12.83,                   1.02,                   1.40
2015-03-10,23000,                  20.08,                   1.58,                  13.76,                   1.09,                   1.30
2015-03-11,22500,                  19.64,                   1.55,                  13.46,                   1.07,                   1.33
2015-03-12,24300,                  21.21,                   1.67,                  14.54,                   1.15,                   1.23
2015-03-13,24550,                  21.43,                   1.69,                  14.69,                   1.16,                   1.22
2015-03-16,24750,                  21.60,                   1.70,                  14.81,                   1.17,                   1.21
2015-03-17,24450,                  21.34,                   1.68,                  14.63,                   1.16,                   1.23
2015-03-18,23900,                  20.86,                   1.65,                  14.30,                   1.13,                   1.26
2015-03-19,25450,                  22.21,                   1.75,                  15.23,                   1.21,                   1.18
2015-03-20,26700,                  23.30,                   1.84,                  15.97,                   1.27,                   1.12
2015-03-23,25050,                  21.86,                   1.72,                  14.99,                   1.19,                   1.20
2015-03-24,25900,                  22.61,                   1.78,                  15.50,                   1.23,                   1.16
2015-03-25,26450,                  23.09,                   1.82,                  15.83,                   1.25,                   1.13
2015-03-26,26400,                  23.04,                   1.82,                  15.80,                   1.25,                   1.14
2015-03-27,27850,                  24.31,                   1.92,                  16.66,                   1.32,                   1.08
2015-03-30,27600,                  24.09,                   1.90,                  16.51,                   1.31,                   1.09
2015-03-31,27450,                  23.96,                   1.89,                  16.42,                   1.30,                   1.09
2015-04-01,27450,                  23.96,                   1.89,                  16.42,                   1.30,                   1.09
2015-04-02,28000,                  24.44,                   1.93,                  16.75,                   1.33,                   1.07
2015-04-03,27950,                  24.40,                   1.92,                  16.72,                   1.33,                   1.07
2015-04-06,28600,                  24.96,                   1.97,                  17.11,                   1.36,                   1.05
2015-04-07,28400,                  24.79,                   1.96,                  16.99,                   1.35,                   1.06
2015-04-08,28900,                  25.22,                   1.99,                  17.29,                   1.37,                   1.04
2015-04-09,29200,                  25.49,                   2.01,                  17.47,                   1.38,                   1.03
2015-04-10,30300,                  26.45,                   2.09,                  18.13,                   1.44,                   0.99
2015-04-13,31000,                  27.06,                   2.13,                  18.55,                   1.47,                   0.97
2015-04-14,30000,                  26.19,                   2.07,                  17.95,                   1.42,                   1.00
2015-04-15,30000,                  26.19,                   2.07,                  17.95,                   1.42,                   1.00
2015-04-16,31600,                  27.58,                   2.18,                  18.91,                   1.50,                   0.95
2015-04-17,32350,                  28.24,                   2.23,                  19.36,                   1.53,                   0.93
2015-04-20,32500,                  28.37,                   2.24,                  19.44,                   1.54,                   0.92
2015-04-21,32250,                  28.15,                   2.22,                  19.30,                   1.53,                   0.93
2015-04-22,31650,                  27.63,                   2.18,                  18.94,                   1.50,                   0.95
2015-04-23,30100,                  26.27,                   2.07,                  18.01,                   1.43,                   1.00
2015-04-24,29900,                  26.10,                   2.06,                  17.89,                   1.42,                   1.00
2015-04-27,30100,                  26.27,                   2.07,                  18.01,                   1.43,                   1.00
2015-04-28,28600,                  24.96,                   1.97,                  17.11,                   1.36,                   1.05
2015-04-29,29400,                  25.66,                   2.02,                  17.59,                   1.39,                   1.02
2015-04-30,29200,                  25.49,                   2.01,                  17.47,                   1.38,                   1.03
2015-05-04,29150,                  25.44,                   2.01,                  17.44,                   1.38,                   1.03
2015-05-06,28200,                  24.61,                   1.94,                  16.87,                   1.34,                   1.06
2015-05-07,28250,                  24.66,                   1.94,                  16.90,                   1.34,                   1.06
2015-05-08,29300,                  25.57,                   2.02,                  17.53,                   1.39,                   1.02
2015-05-11,29800,                  26.01,                   2.05,                  17.83,                   1.41,                   1.01
2015-05-12,29700,                  25.92,                   2.04,                  17.77,                   1.41,                   1.01
2015-05-13,29850,                  26.05,                   2.06,                  17.86,                   1.42,                   1.01
2015-05-14,29700,                  25.92,                   2.04,                  17.77,                   1.41,                   1.01
2015-05-15,30250,                  26.40,                   2.08,                  18.10,                   1.43,                   0.99
2015-05-18,30400,                  26.53,                   2.09,                  18.19,                   1.44,                   0.99
2015-05-19,31700,                  27.67,                   2.18,                  18.97,                   1.50,                   0.95
2015-05-20,34400,                  30.03,                   2.37,                  20.58,                   1.63,                   0.87
2015-05-21,34200,                  29.85,                   2.35,                  20.46,                   1.62,                   0.88
2015-05-22,33800,                  29.50,                   2.33,                  20.22,                   1.60,                   0.89
2015-05-26,33950,                  29.63,                   2.34,                  20.31,                   1.61,                   0.88
2015-05-27,33200,                  28.98,                   2.29,                  19.86,                   1.57,                   0.90
2015-05-28,33400,                  29.15,                   2.30,                  19.98,                   1.58,                   0.90
2015-05-29,33700,                  29.41,                   2.32,                  20.16,                   1.60,                   0.89
2015-06-01,34000,                  29.68,                   2.34,                  20.34,                   1.61,                   0.88
2015-06-02,36850,                  32.16,                   2.54,                  22.05,                   1.75,                   0.81
2015-06-03,36500,                  31.86,                   2.51,                  21.84,                   1.73,                   0.82
2015-06-04,36050,                  31.47,                   2.48,                  21.57,                   1.71,                   0.83
2015-06-05,36200,                  31.60,                   2.49,                  21.66,                   1.72,                   0.83
2015-06-08,36600,                  31.95,                   2.52,                  21.90,                   1.74,                   0.82
2015-06-09,37850,                  33.04,                   2.61,                  22.65,                   1.79,                   0.79
2015-06-10,36100,                  31.51,                   2.49,                  21.60,                   1.71,                   0.83
2015-06-11,36650,                  31.99,                   2.52,                  21.93,                   1.74,                   0.82
2015-06-12,36800,                  32.12,                   2.53,                  22.02,                   1.75,                   0.82
2015-06-15,37050,                  32.34,                   2.55,                  22.17,                   1.76,                   0.81
2015-06-16,37300,                  32.56,                   2.57,                  22.32,                   1.77,                   0.80
2015-06-17,37100,                  32.38,                   2.55,                  22.20,                   1.76,                   0.81
2015-06-18,39400,                  34.39,                   2.71,                  23.57,                   1.87,                   0.76
2015-06-19,40700,                  35.52,                   2.80,                  24.35,                   1.93,                   0.74
2015-06-22,40200,                  35.09,                   2.77,                  24.05,                   1.91,                   0.75
2015-06-23,40000,                  34.91,                   2.75,                  23.93,                   1.90,                   0.75
2015-06-24,41100,                  35.87,                   2.83,                  24.59,                   1.95,                   0.73
2015-06-25,42650,                  37.23,                   2.94,                  25.52,                   2.02,                   0.70
2015-06-26,50000,                  43.64,                   3.44,                  29.92,                   2.37,                   0.60
2015-06-29,51000,                  44.51,                   3.51,                  30.51,                   2.42,                   0.59
2015-06-30,49850,                  43.51,                   3.43,                  29.83,                   2.36,                   0.60
2015-07-01,49850,                  43.51,                   3.43,                  29.83,                   2.36,                   0.60
2015-07-02,57800,                  50.45,                   3.98,                  34.58,                   2.74,                   0.52
2015-07-03,57600,                  50.28,                   3.97,                  34.46,                   2.73,                   0.52
2015-07-06,55400,                  48.36,                   3.81,                  33.15,                   2.63,                   0.54
2015-07-07,42500,                  37.10,                   2.93,                  25.43,                   2.02,                   0.71
2015-07-08,44300,                  38.67,                   3.05,                  26.50,                   2.10,                   0.68
2015-07-09,43800,                  38.23,                   3.02,                  26.21,                   2.08,                   0.68
2015-07-10,41450,                  36.18,                   2.85,                  24.80,                   1.97,                   0.72
2015-07-13,42250,                  36.88,                   2.91,                  25.28,                   2.00,                   0.71
2015-07-14,45900,                  40.06,                   3.16,                  27.46,                   2.18,                   0.65
2015-07-15,45400,                  39.63,                   3.13,                  27.16,                   2.15,                   0.66
2015-07-16,43200,                  37.71,                   2.97,                  25.85,                   2.05,                   0.69
2015-07-17,43150,                  37.66,                   2.97,                  25.82,                   2.05,                   0.70
2015-07-20,45050,                  39.32,                   3.10,                  26.95,                   2.14,                   0.67
2015-07-21,44950,                  39.23,                   3.09,                  26.89,                   2.13,                   0.67
2015-07-22,44200,                  38.58,                   3.04,                  26.45,                   2.10,                   0.68
2015-07-23,44650,                  38.97,                   3.07,                  26.71,                   2.12,                   0.67
2015-07-24,47500,                  41.46,                   3.27,                  28.42,                   2.25,                   0.63
2015-07-27,41100,                  35.87,                   2.83,                  24.59,                   1.95,                   0.73
2015-07-28,42100,                  36.75,                   2.90,                  25.19,                   2.00,                   0.71
2015-07-29,39900,                  34.83,                   2.75,                  23.87,                   1.89,                   0.75
2015-07-30,39800,                  34.74,                   2.74,                  23.81,                   1.89,                   0.75
2015-07-31,41050,                  35.83,                   2.83,                  24.56,                   1.95,                   0.73
2015-08-03,38500,                  33.60,                   2.65,                  23.03,                   1.83,                   0.78
2015-08-04,41250,                  36.00,                   2.84,                  24.68,                   1.96,                   0.73
2015-08-05,44750,                  39.06,                   3.08,                  26.77,                   2.12,                   0.67
2015-08-06,44600,                  38.93,                   3.07,                  26.68,                   2.11,                   0.67
2015-08-07,43600,                  38.06,                   3.00,                  26.09,                   2.07,                   0.69
2015-08-10,43350,                  37.84,                   2.98,                  25.94,                   2.06,                   0.69
2015-08-11,41450,                  36.18,                   2.85,                  24.80,                   1.97,                   0.72
2015-08-12,38900,                  33.95,                   2.68,                  23.27,                   1.84,                   0.77
2015-08-13,40300,                  35.18,                   2.77,                  24.11,                   1.91,                   0.74
2015-08-17,42150,                  36.79,                   2.90,                  25.22,                   2.00,                   0.71
2015-08-18,40350,                  35.22,                   2.78,                  24.14,                   1.91,                   0.74
2015-08-19,40900,                  35.70,                   2.82,                  24.47,                   1.94,                   0.73
2015-08-20,39850,                  34.78,                   2.74,                  23.84,                   1.89,                   0.75
2015-08-21,37650,                  32.86,                   2.59,                  22.53,                   1.79,                   0.80
2015-08-24,36250,                  31.64,                   2.50,                  21.69,                   1.72,                   0.83
2015-08-25,37650,                  32.86,                   2.59,                  22.53,                   1.79,                   0.80
2015-08-26,41000,                  35.79,                   2.82,                  24.53,                   1.94,                   0.73
2015-08-27,42000,                  36.66,                   2.89,                  25.13,                   1.99,                   0.71
2015-08-28,42950,                  37.49,                   2.96,                  25.70,                   2.04,                   0.70
2015-08-31,43400,                  37.88,                   2.99,                  25.97,                   2.06,                   0.69
2015-09-01,41400,                  36.14,                   2.85,                  24.77,                   1.96,                   0.72
2015-09-02,42400,                  37.01,                   2.92,                  25.37,                   2.01,                   0.71
2015-09-03,41250,                  36.00,                   2.84,                  24.68,                   1.96,                   0.73
2015-09-04,38750,                  33.82,                   2.67,                  23.18,                   1.84,                   0.77
2015-09-07,39350,                  34.35,                   2.71,                  23.54,                   1.87,                   0.76
2015-09-08,37600,                  32.82,                   2.59,                  22.50,                   1.78,                   0.80
2015-09-09,39200,                  34.22,                   2.70,                  23.45,                   1.86,                   0.77
2015-09-10,40000,                  34.91,                   2.75,                  23.93,                   1.90,                   0.75
2015-09-11,40400,                  35.26,                   2.78,                  24.17,                   1.92,                   0.74
2015-09-14,39300,                  34.30,                   2.71,                  23.51,                   1.86,                   0.76
2015-09-15,39850,                  34.78,                   2.74,                  23.84,                   1.89,                   0.75
2015-09-16,41550,                  36.27,                   2.86,                  24.86,                   1.97,                   0.72
2015-09-17,40800,                  35.61,                   2.81,                  24.41,                   1.93,                   0.74
2015-09-18,43000,                  37.53,                   2.96,                  25.73,                   2.04,                   0.70
2015-09-21,43700,                  38.14,                   3.01,                  26.15,                   2.07,                   0.69
2015-09-22,43700,                  38.14,                   3.01,                  26.15,                   2.07,                   0.69
2015-09-23,41850,                  36.53,                   2.88,                  25.04,                   1.98,                   0.72
2015-09-24,42300,                  36.92,                   2.91,                  25.31,                   2.01,                   0.71
2015-09-25,42000,                  36.66,                   2.89,                  25.13,                   1.99,                   0.71
2015-09-30,40050,                  34.96,                   2.76,                  23.96,                   1.90,                   0.75
2015-10-01,40250,                  35.13,                   2.77,                  24.08,                   1.91,                   0.75
2015-10-02,40350,                  35.22,                   2.78,                  24.14,                   1.91,                   0.74
2015-10-05,42000,                  36.66,                   2.89,                  25.13,                   1.99,                   0.71
2015-10-06,41450,                  36.18,                   2.85,                  24.80,                   1.97,                   0.72
2015-10-07,39450,                  34.43,                   2.72,                  23.60,                   1.87,                   0.76
2015-10-08,39500,                  34.48,                   2.72,                  23.63,                   1.87,                   0.76
2015-10-12,38900,                  33.95,                   2.68,                  23.27,                   1.84,                   0.77
2015-10-13,36700,                  32.03,                   2.53,                  21.96,                   1.74,                   0.82
2015-10-14,36600,                  31.95,                   2.52,                  21.90,                   1.74,                   0.82
2015-10-15,37400,                  32.64,                   2.57,                  22.38,                   1.77,                   0.80
2015-10-16,38400,                  33.52,                   2.64,                  22.97,                   1.82,                   0.78
2015-10-19,37800,                  32.99,                   2.60,                  22.62,                   1.79,                   0.79
2015-10-20,39000,                  34.04,                   2.69,                  23.33,                   1.85,                   0.77
2015-10-21,38150,                  33.30,                   2.63,                  22.83,                   1.81,                   0.79
2015-10-22,36900,                  32.21,                   2.54,                  22.08,                   1.75,                   0.81
2015-10-23,37450,                  32.69,                   2.58,                  22.41,                   1.78,                   0.80
2015-10-26,38250,                  33.39,                   2.63,                  22.89,                   1.81,                   0.78
2015-10-27,38450,                  33.56,                   2.65,                  23.00,                   1.82,                   0.78
2015-10-28,39800,                  34.74,                   2.74,                  23.81,                   1.89,                   0.75
2015-10-29,40500,                  35.35,                   2.79,                  24.23,                   1.92,                   0.74
2015-10-30,41050,                  35.83,                   2.83,                  24.56,                   1.95,                   0.73
2015-11-02,39700,                  34.65,                   2.73,                  23.75,                   1.88,                   0.76
2015-11-03,39500,                  34.48,                   2.72,                  23.63,                   1.87,                   0.76
2015-11-04,40200,                  35.09,                   2.77,                  24.05,                   1.91,                   0.75
2015-11-05,41700,                  36.40,                   2.87,                  24.95,                   1.98,                   0.72
2015-11-06,45100,                  39.36,                   3.11,                  26.98,                   2.14,                   0.67
2015-11-09,42750,                  37.31,                   2.94,                  25.58,                   2.03,                   0.70
2015-11-10,41850,                  36.53,                   2.88,                  25.04,                   1.98,                   0.72
2015-11-11,42850,                  37.40,                   2.95,                  25.64,                   2.03,                   0.70
2015-11-12,43450,                  37.92,                   2.99,                  26.00,                   2.06,                   0.69
2015-11-13,42300,                  36.92,                   2.91,                  25.31,                   2.01,                   0.71
2015-11-16,41700,                  36.40,                   2.87,                  24.95,                   1.98,                   0.72
2015-11-17,42650,                  37.23,                   2.94,                  25.52,                   2.02,                   0.70
2015-11-18,41650,                  36.35,                   2.87,                  24.92,                   1.98,                   0.72
2015-11-19,42450,                  37.05,                   2.92,                  25.40,                   2.01,                   0.71
2015-11-20,42100,                  36.75,                   2.90,                  25.19,                   2.00,                   0.71
2015-11-23,43700,                  38.14,                   3.01,                  26.15,                   2.07,                   0.69
2015-11-24,43950,                  38.36,                   3.03,                  26.30,                   2.08,                   0.68
2015-11-25,43250,                  37.75,                   2.98,                  25.88,                   2.05,                   0.69
2015-11-26,43450,                  37.92,                   2.99,                  26.00,                   2.06,                   0.69
2015-11-27,43900,                  38.32,                   3.02,                  26.27,                   2.08,                   0.68
2015-11-30,42100,                  36.75,                   2.90,                  25.19,                   2.00,                   0.71
2015-12-01,42050,                  36.70,                   2.90,                  25.16,                   1.99,                   0.71
2015-12-02,42250,                  36.88,                   2.91,                  25.28,                   2.00,                   0.71
2015-12-03,42250,                  36.88,                   2.91,                  25.28,                   2.00,                   0.71
2015-12-04,41800,                  36.48,                   2.88,                  25.01,                   1.98,                   0.72
2015-12-07,41950,                  36.62,                   2.89,                  25.10,                   1.99,                   0.72
2015-12-08,39750,                  34.70,                   2.74,                  23.78,                   1.88,                   0.75
2015-12-09,39750,                  34.70,                   2.74,                  23.78,                   1.88,                   0.75
2015-12-10,39000,                  34.04,                   2.69,                  23.33,                   1.85,                   0.77
2015-12-11,37900,                  33.08,                   2.61,                  22.68,                   1.80,                   0.79
2015-12-14,37200,                  32.47,                   2.56,                  22.26,                   1.76,                   0.81
2015-12-15,37650,                  32.86,                   2.59,                  22.53,                   1.79,                   0.80
2015-12-16,37650,                  32.86,                   2.59,                  22.53,                   1.79,                   0.80
2015-12-17,38000,                  33.17,                   2.62,                  22.74,                   1.80,                   0.79
2015-12-18,39150,                  34.17,                   2.70,                  23.42,                   1.86,                   0.77
2015-12-21,38900,                  33.95,                   2.68,                  23.27,                   1.84,                   0.77
2015-12-22,38350,                  33.47,                   2.64,                  22.94,                   1.82,                   0.78
2015-12-23,38550,                  33.65,                   2.65,                  23.06,                   1.83,                   0.78
2015-12-24,38150,                  33.30,                   2.63,                  22.83,                   1.81,                   0.79
2015-12-28,39050,                  34.08,                   2.69,                  23.36,                   1.85,                   0.77
2015-12-29,41700,                  36.40,                   2.87,                  24.95,                   1.98,                   0.72
2015-12-30,41950,                  36.62,                   2.89,                  25.10,                   1.99,                   0.72
2016-01-04,41300,                  31.28,                   2.73,                  21.11,                   1.81,                   0.73
2016-01-05,41900,                  31.73,                   2.77,                  21.42,                   1.83,                   0.72
2016-01-06,46650,                  35.33,                   3.08,                  23.84,                   2.04,                   0.64
2016-01-07,46750,                  35.40,                   3.09,                  23.90,                   2.04,                   0.64
2016-01-08,48800,                  36.96,                   3.22,                  24.94,                   2.13,                   0.61
2016-01-11,45400,                  34.38,                   3.00,                  23.21,                   1.99,                   0.66
2016-01-12,44600,                  33.78,                   2.94,                  22.80,                   1.95,                   0.67
2016-01-13,44900,                  34.00,                   2.96,                  22.95,                   1.96,                   0.67
2016-01-14,44950,                  34.04,                   2.97,                  22.98,                   1.97,                   0.67
2016-01-15,46450,                  35.18,                   3.07,                  23.74,                   2.03,                   0.65
2016-01-18,47800,                  36.20,                   3.16,                  24.43,                   2.09,                   0.63
2016-01-19,48200,                  36.50,                   3.18,                  24.64,                   2.11,                   0.62
2016-01-20,47450,                  35.93,                   3.13,                  24.25,                   2.08,                   0.63
2016-01-21,46450,                  35.18,                   3.07,                  23.74,                   2.03,                   0.65
2016-01-22,48050,                  36.39,                   3.17,                  24.56,                   2.10,                   0.62
2016-01-25,49100,                  37.18,                   3.24,                  25.10,                   2.15,                   0.61
2016-01-26,49700,                  37.64,                   3.28,                  25.40,                   2.17,                   0.60
2016-01-27,48950,                  37.07,                   3.23,                  25.02,                   2.14,                   0.61
2016-01-28,48800,                  36.96,                   3.22,                  24.94,                   2.13,                   0.61
2016-01-29,48000,                  36.35,                   3.17,                  24.53,                   2.10,                   0.63
2016-02-01,48700,                  36.88,                   3.21,                  24.89,                   2.13,                   0.62
2016-02-02,47350,                  35.86,                   3.13,                  24.20,                   2.07,                   0.63
2016-02-03,48900,                  37.03,                   3.23,                  24.99,                   2.14,                   0.61
2016-02-04,45100,                  34.15,                   2.98,                  23.05,                   1.97,                   0.67
2016-02-05,46800,                  35.44,                   3.09,                  23.92,                   2.05,                   0.64
2016-02-11,43650,                  33.06,                   2.88,                  22.31,                   1.91,                   0.69
2016-02-12,39600,                  29.99,                   2.61,                  20.24,                   1.73,                   0.76
2016-02-15,40650,                  30.78,                   2.68,                  20.78,                   1.78,                   0.74
2016-02-16,42150,                  31.92,                   2.78,                  21.54,                   1.84,                   0.71
2016-02-17,39900,                  30.22,                   2.63,                  20.39,                   1.74,                   0.75
2016-02-18,41450,                  31.39,                   2.74,                  21.19,                   1.81,                   0.72
2016-02-19,42300,                  32.03,                   2.79,                  21.62,                   1.85,                   0.71
2016-02-22,42500,                  32.19,                   2.81,                  21.72,                   1.86,                   0.71
2016-02-23,41600,                  31.50,                   2.75,                  21.26,                   1.82,                   0.72
2016-02-24,40150,                  30.41,                   2.65,                  20.52,                   1.76,                   0.75
2016-02-25,40800,                  30.90,                   2.69,                  20.85,                   1.78,                   0.74
2016-02-26,41200,                  31.20,                   2.72,                  21.06,                   1.80,                   0.73
2016-02-29,41400,                  31.35,                   2.73,                  21.16,                   1.81,                   0.72
2016-03-02,41500,                  31.43,                   2.74,                  21.21,                   1.81,                   0.72
2016-03-03,41250,                  31.24,                   2.72,                  21.08,                   1.80,                   0.73
2016-03-04,40400,                  30.59,                   2.67,                  20.65,                   1.77,                   0.74
2016-03-07,39700,                  30.06,                   2.62,                  20.29,                   1.74,                   0.76
2016-03-08,39300,                  29.76,                   2.59,                  20.09,                   1.72,                   0.76
2016-03-09,38600,                  29.23,                   2.55,                  19.73,                   1.69,                   0.78
2016-03-10,39200,                  29.69,                   2.59,                  20.04,                   1.71,                   0.77
2016-03-11,39050,                  29.57,                   2.58,                  19.96,                   1.71,                   0.77
2016-03-14,38750,                  29.35,                   2.56,                  19.81,                   1.69,                   0.77
2016-03-15,38450,                  29.12,                   2.54,                  19.65,                   1.68,                   0.78
2016-03-16,38750,                  29.35,                   2.56,                  19.81,                   1.69,                   0.77
2016-03-17,38500,                  29.16,                   2.54,                  19.68,                   1.68,                   0.78
2016-03-18,39000,                  29.53,                   2.57,                  19.93,                   1.71,                   0.77
2016-03-21,38200,                  28.93,                   2.52,                  19.53,                   1.67,                   0.79
2016-03-22,37700,                  28.55,                   2.49,                  19.27,                   1.65,                   0.80
2016-03-23,37600,                  28.47,                   2.48,                  19.22,                   1.64,                   0.80
2016-03-24,37000,                  28.02,                   2.44,                  18.91,                   1.62,                   0.81
2016-03-25,37000,                  28.02,                   2.44,                  18.91,                   1.62,                   0.81
2016-03-28,36650,                  27.76,                   2.42,                  18.73,                   1.60,                   0.82
2016-03-29,35900,                  27.19,                   2.37,                  18.35,                   1.57,                   0.84
2016-03-30,36800,                  27.87,                   2.43,                  18.81,                   1.61,                   0.82
2016-03-31,36400,                  27.57,                   2.40,                  18.61,                   1.59,                   0.82
2016-04-01,35700,                  27.04,                   2.36,                  18.25,                   1.56,                   0.84
2016-04-04,36800,                  27.87,                   2.43,                  18.81,                   1.61,                   0.82
2016-04-05,37900,                  28.70,                   2.50,                  19.37,                   1.66,                   0.79
2016-04-06,37050,                  28.06,                   2.45,                  18.94,                   1.62,                   0.81
2016-04-07,37000,                  28.02,                   2.44,                  18.91,                   1.62,                   0.81
2016-04-08,37750,                  28.59,                   2.49,                  19.30,                   1.65,                   0.79
2016-04-11,36700,                  27.79,                   2.42,                  18.76,                   1.60,                   0.82
2016-04-12,36750,                  27.83,                   2.43,                  18.78,                   1.61,                   0.82
2016-04-14,36050,                  27.30,                   2.38,                  18.43,                   1.58,                   0.83
2016-04-15,36350,                  27.53,                   2.40,                  18.58,                   1.59,                   0.83
2016-04-18,35950,                  27.22,                   2.37,                  18.38,                   1.57,                   0.83
2016-04-19,35350,                  26.77,                   2.33,                  18.07,                   1.55,                   0.85
2016-04-20,35350,                  26.77,                   2.33,                  18.07,                   1.55,                   0.85
2016-04-21,34700,                  26.28,                   2.29,                  17.74,                   1.52,                   0.86
2016-04-22,34450,                  26.09,                   2.27,                  17.61,                   1.51,                   0.87
2016-04-25,35650,                  27.00,                   2.35,                  18.22,                   1.56,                   0.84
2016-04-26,35950,                  27.22,                   2.37,                  18.38,                   1.57,                   0.83
2016-04-27,34900,                  26.43,                   2.30,                  17.84,                   1.53,                   0.86
2016-04-28,35350,                  26.77,                   2.33,                  18.07,                   1.55,                   0.85
2016-04-29,35200,                  26.66,                   2.32,                  17.99,                   1.54,                   0.85
2016-05-02,34000,                  25.75,                   2.24,                  17.38,                   1.49,                   0.88
2016-05-03,34850,                  26.39,                   2.30,                  17.81,                   1.52,                   0.86
2016-05-04,34800,                  26.35,                   2.30,                  17.79,                   1.52,                   0.86
2016-05-09,34750,                  26.32,                   2.29,                  17.76,                   1.52,                   0.86
2016-05-10,36400,                  27.57,                   2.40,                  18.61,                   1.59,                   0.82
2016-05-11,36350,                  27.53,                   2.40,                  18.58,                   1.59,                   0.83
2016-05-12,36600,                  27.72,                   2.42,                  18.71,                   1.60,                   0.82
2016-05-13,36250,                  27.45,                   2.39,                  18.53,                   1.59,                   0.83
2016-05-16,36050,                  27.30,                   2.38,                  18.43,                   1.58,                   0.83
2016-05-17,36050,                  27.30,                   2.38,                  18.43,                   1.58,                   0.83
2016-05-18,35400,                  26.81,                   2.34,                  18.09,                   1.55,                   0.85
2016-05-19,34350,                  26.01,                   2.27,                  17.56,                   1.50,                   0.87
2016-05-20,34850,                  26.39,                   2.30,                  17.81,                   1.52,                   0.86
2016-05-23,35900,                  27.19,                   2.37,                  18.35,                   1.57,                   0.84
2016-05-24,35100,                  26.58,                   2.32,                  17.94,                   1.53,                   0.85
2016-05-25,34150,                  25.86,                   2.25,                  17.46,                   1.49,                   0.88
2016-05-26,34500,                  26.13,                   2.28,                  17.63,                   1.51,                   0.87
2016-05-27,34550,                  26.16,                   2.28,                  17.66,                   1.51,                   0.87
2016-05-30,35000,                  26.51,                   2.31,                  17.89,                   1.53,                   0.86
2016-05-31,34850,                  26.39,                   2.30,                  17.81,                   1.52,                   0.86
2016-06-01,35000,                  26.51,                   2.31,                  17.89,                   1.53,                   0.86
2016-06-02,35100,                  26.58,                   2.32,                  17.94,                   1.53,                   0.85
2016-06-03,36650,                  27.76,                   2.42,                  18.73,                   1.60,                   0.82
2016-06-07,38800,                  29.38,                   2.56,                  19.83,                   1.70,                   0.77
2016-06-08,39000,                  29.53,                   2.57,                  19.93,                   1.71,                   0.77
2016-06-09,38800,                  29.38,                   2.56,                  19.83,                   1.70,                   0.77
2016-06-10,39400,                  29.84,                   2.60,                  20.14,                   1.72,                   0.76
2016-06-13,38250,                  28.97,                   2.53,                  19.55,                   1.67,                   0.78
2016-06-14,39400,                  29.84,                   2.60,                  20.14,                   1.72,                   0.76
2016-06-15,39950,                  30.25,                   2.64,                  20.42,                   1.75,                   0.75
2016-06-16,38500,                  29.16,                   2.54,                  19.68,                   1.68,                   0.78
2016-06-17,39000,                  29.53,                   2.57,                  19.93,                   1.71,                   0.77
2016-06-20,39550,                  29.95,                   2.61,                  20.22,                   1.73,                   0.76
2016-06-21,40400,                  30.59,                   2.67,                  20.65,                   1.77,                   0.74
2016-06-22,40800,                  30.90,                   2.69,                  20.85,                   1.78,                   0.74
2016-06-23,38550,                  29.19,                   2.54,                  19.70,                   1.69,                   0.78
2016-06-24,37700,                  28.55,                   2.49,                  19.27,                   1.65,                   0.80
2016-06-27,37500,                  28.40,                   2.48,                  19.17,                   1.64,                   0.80
2016-06-28,37750,                  28.59,                   2.49,                  19.30,                   1.65,                   0.79
2016-06-29,38000,                  28.78,                   2.51,                  19.42,                   1.66,                   0.79
2016-06-30,37850,                  28.66,                   2.50,                  19.35,                   1.66,                   0.79
2016-07-01,38200,                  28.93,                   2.52,                  19.53,                   1.67,                   0.79
2016-07-04,39000,                  29.53,                   2.57,                  19.93,                   1.71,                   0.77
2016-07-05,38400,                  29.08,                   2.54,                  19.63,                   1.68,                   0.78
2016-07-06,37350,                  28.29,                   2.47,                  19.09,                   1.63,                   0.80
2016-07-07,38300,                  29.00,                   2.53,                  19.58,                   1.67,                   0.78
2016-07-08,37800,                  28.63,                   2.50,                  19.32,                   1.65,                   0.79
2016-07-11,37450,                  28.36,                   2.47,                  19.14,                   1.64,                   0.80
2016-07-12,36750,                  27.83,                   2.43,                  18.78,                   1.61,                   0.82
2016-07-13,36750,                  27.83,                   2.43,                  18.78,                   1.61,                   0.82
2016-07-14,36000,                  27.26,                   2.38,                  18.40,                   1.57,                   0.83
2016-07-15,35300,                  26.73,                   2.33,                  18.04,                   1.54,                   0.85
2016-07-18,35600,                  26.96,                   2.35,                  18.20,                   1.56,                   0.84
2016-07-19,35200,                  26.66,                   2.32,                  17.99,                   1.54,                   0.85
2016-07-20,35600,                  26.96,                   2.35,                  18.20,                   1.56,                   0.84
2016-07-21,35400,                  26.81,                   2.34,                  18.09,                   1.55,                   0.85
2016-07-22,35300,                  26.73,                   2.33,                  18.04,                   1.54,                   0.85
2016-07-25,35100,                  26.58,                   2.32,                  17.94,                   1.53,                   0.85
2016-07-26,35100,                  26.58,                   2.32,                  17.94,                   1.53,                   0.85
2016-07-27,34450,                  26.09,                   2.27,                  17.61,                   1.51,                   0.87
2016-07-28,34700,                  26.28,                   2.29,                  17.74,                   1.52,                   0.86
2016-07-29,34300,                  25.98,                   2.26,                  17.53,                   1.50,                   0.87
2016-08-01,33200,                  25.14,                   2.19,                  16.97,                   1.45,                   0.90
2016-08-02,32850,                  24.88,                   2.17,                  16.79,                   1.44,                   0.91
2016-08-03,33200,                  25.14,                   2.19,                  16.97,                   1.45,                   0.90
2016-08-04,33350,                  25.26,                   2.20,                  17.05,                   1.46,                   0.90
2016-08-05,33150,                  25.10,                   2.19,                  16.94,                   1.45,                   0.90
2016-08-08,33500,                  25.37,                   2.21,                  17.12,                   1.47,                   0.90
2016-08-09,33450,                  25.33,                   2.21,                  17.10,                   1.46,                   0.90
2016-08-10,33900,                  25.67,                   2.24,                  17.33,                   1.48,                   0.88
2016-08-11,33750,                  25.56,                   2.23,                  17.25,                   1.48,                   0.89
2016-08-12,33300,                  25.22,                   2.20,                  17.02,                   1.46,                   0.90
2016-08-16,32950,                  24.95,                   2.18,                  16.84,                   1.44,                   0.91
2016-08-17,32150,                  24.35,                   2.12,                  16.43,                   1.41,                   0.93
2016-08-18,31400,                  23.78,                   2.07,                  16.05,                   1.37,                   0.96
2016-08-19,32100,                  24.31,                   2.12,                  16.41,                   1.40,                   0.93
2016-08-22,30800,                  23.32,                   2.03,                  15.74,                   1.35,                   0.97
2016-08-23,31100,                  23.55,                   2.05,                  15.90,                   1.36,                   0.96
2016-08-24,31400,                  23.78,                   2.07,                  16.05,                   1.37,                   0.96
2016-08-25,31350,                  23.74,                   2.07,                  16.02,                   1.37,                   0.96
2016-08-26,31350,                  23.74,                   2.07,                  16.02,                   1.37,                   0.96
2016-08-29,30350,                  22.98,                   2.00,                  15.51,                   1.33,                   0.99
2016-08-30,30250,                  22.91,                   2.00,                  15.46,                   1.32,                   0.99
2016-08-31,30200,                  22.87,                   1.99,                  15.44,                   1.32,                   0.99
2016-09-01,30200,                  22.87,                   1.99,                  15.44,                   1.32,                   0.99
2016-09-02,30200,                  22.87,                   1.99,                  15.44,                   1.32,                   0.99
2016-09-05,30800,                  23.32,                   2.03,                  15.74,                   1.35,                   0.97
2016-09-06,29650,                  22.45,                   1.96,                  15.16,                   1.30,                   1.01
2016-09-07,28550,                  21.62,                   1.88,                  14.59,                   1.25,                   1.05
2016-09-08,28550,                  21.62,                   1.88,                  14.59,                   1.25,                   1.05
2016-09-09,27800,                  21.05,                   1.84,                  14.21,                   1.22,                   1.08
2016-09-12,27650,                  20.94,                   1.83,                  14.13,                   1.21,                   1.08
2016-09-13,27800,                  21.05,                   1.84,                  14.21,                   1.22,                   1.08
2016-09-19,27650,                  20.94,                   1.83,                  14.13,                   1.21,                   1.08
2016-09-20,30100,                  22.79,                   1.99,                  15.39,                   1.32,                   1.00
2016-09-21,29300,                  22.19,                   1.93,                  14.98,                   1.28,                   1.02
2016-09-22,28950,                  21.92,                   1.91,                  14.80,                   1.27,                   1.04
2016-09-23,29350,                  22.23,                   1.94,                  15.00,                   1.28,                   1.02
2016-09-26,29700,                  22.49,                   1.96,                  15.18,                   1.30,                   1.01
2016-09-27,29800,                  22.57,                   1.97,                  15.23,                   1.30,                   1.01
2016-09-28,30150,                  22.83,                   1.99,                  15.41,                   1.32,                   1.00
2016-09-29,30250,                  22.91,                   2.00,                  15.46,                   1.32,                   0.99
2016-09-30,28650,                  21.70,                   1.89,                  14.64,                   1.25,                   1.05
2016-10-04,29450,                  22.30,                   1.94,                  15.05,                   1.29,                   1.02
2016-10-05,29050,                  22.00,                   1.92,                  14.85,                   1.27,                   1.03
2016-10-06,28200,                  21.36,                   1.86,                  14.41,                   1.23,                   1.06
2016-10-07,27400,                  20.75,                   1.81,                  14.01,                   1.20,                   1.09
2016-10-10,27550,                  20.86,                   1.82,                  14.08,                   1.20,                   1.09
2016-10-11,27000,                  20.45,                   1.78,                  13.80,                   1.18,                   1.11
2016-10-12,27200,                  20.60,                   1.80,                  13.90,                   1.19,                   1.10
2016-10-13,26700,                  20.22,                   1.76,                  13.65,                   1.17,                   1.12
2016-10-14,25900,                  19.61,                   1.71,                  13.24,                   1.13,                   1.16
2016-10-17,24900,                  18.86,                   1.64,                  12.73,                   1.09,                   1.20
2016-10-18,24850,                  18.82,                   1.64,                  12.70,                   1.09,                   1.21
2016-10-19,25450,                  19.27,                   1.68,                  13.01,                   1.11,                   1.18
2016-10-20,25100,                  19.01,                   1.66,                  12.83,                   1.10,                   1.20
2016-10-21,25700,                  19.46,                   1.70,                  13.14,                   1.12,                   1.17
2016-10-24,24900,                  18.86,                   1.64,                  12.73,                   1.09,                   1.20
2016-10-25,24150,                  18.29,                   1.59,                  12.34,                   1.06,                   1.24
2016-10-26,24100,                  18.25,                   1.59,                  12.32,                   1.05,                   1.24
2016-10-27,24550,                  18.59,                   1.62,                  12.55,                   1.07,                   1.22
2016-10-28,23300,                  17.65,                   1.54,                  11.91,                   1.02,                   1.29
2016-10-31,22200,                  16.81,                   1.47,                  11.35,                   0.97,                   1.35
2016-11-01,21800,                  16.51,                   1.44,                  11.14,                   0.95,                   1.38
2016-11-02,20400,                  15.45,                   1.35,                  10.43,                   0.89,                   1.47
2016-11-03,21150,                  16.02,                   1.40,                  10.81,                   0.92,                   1.42
2016-11-04,22100,                  16.74,                   1.46,                  11.30,                   0.97,                   1.36
2016-11-07,21850,                  16.55,                   1.44,                  11.17,                   0.96,                   1.37
2016-11-08,22100,                  16.74,                   1.46,                  11.30,                   0.97,                   1.36
2016-11-09,21600,                  16.36,                   1.43,                  11.04,                   0.94,                   1.39
2016-11-10,23700,                  17.95,                   1.56,                  12.11,                   1.04,                   1.27
2016-11-11,23500,                  17.80,                   1.55,                  12.01,                   1.03,                   1.28
2016-11-14,23250,                  17.61,                   1.53,                  11.88,                   1.02,                   1.29
2016-11-15,23800,                  18.02,                   1.57,                  12.17,                   1.04,                   1.26
2016-11-16,23750,                  17.99,                   1.57,                  12.14,                   1.04,                   1.26
2016-11-17,23700,                  17.95,                   1.56,                  12.11,                   1.04,                   1.27
2016-11-18,23450,                  17.76,                   1.55,                  11.99,                   1.03,                   1.28
2016-11-21,22750,                  17.23,                   1.50,                  11.63,                   0.99,                   1.32
2016-11-22,22350,                  16.93,                   1.48,                  11.42,                   0.98,                   1.34
2016-11-23,20450,                  15.49,                   1.35,                  10.45,                   0.89,                   1.47
2016-11-24,21700,                  16.43,                   1.43,                  11.09,                   0.95,                   1.38
2016-11-25,21450,                  16.24,                   1.42,                  10.96,                   0.94,                   1.40
2016-11-28,21700,                  16.43,                   1.43,                  11.09,                   0.95,                   1.38
2016-11-29,21750,                  16.47,                   1.44,                  11.12,                   0.95,                   1.38
2016-11-30,22500,                  17.04,                   1.49,                  11.50,                   0.98,                   1.33
2016-12-01,22000,                  16.66,                   1.45,                  11.25,                   0.96,                   1.36
2016-12-02,21900,                  16.58,                   1.45,                  11.19,                   0.96,                   1.37
2016-12-05,21200,                  16.05,                   1.40,                  10.84,                   0.93,                   1.42
2016-12-06,21100,                  15.98,                   1.39,                  10.79,                   0.92,                   1.42
2016-12-07,20250,                  15.34,                   1.34,                  10.35,                   0.89,                   1.48
2016-12-08,20500,                  15.52,                   1.35,                  10.48,                   0.90,                   1.46
2016-12-09,21000,                  15.90,                   1.39,                  10.73,                   0.92,                   1.43
2016-12-12,21650,                  16.40,                   1.43,                  11.07,                   0.95,                   1.39
2016-12-13,23050,                  17.46,                   1.52,                  11.78,                   1.01,                   1.30
2016-12-14,23050,                  17.46,                   1.52,                  11.78,                   1.01,                   1.30
2016-12-15,23400,                  17.72,                   1.54,                  11.96,                   1.02,                   1.28
2016-12-16,22900,                  17.34,                   1.51,                  11.71,                   1.00,                   1.31
2016-12-19,23000,                  17.42,                   1.52,                  11.76,                   1.01,                   1.30
2016-12-20,23000,                  17.42,                   1.52,                  11.76,                   1.01,                   1.30
2016-12-21,23050,                  17.46,                   1.52,                  11.78,                   1.01,                   1.30
2016-12-22,22850,                  17.30,                   1.51,                  11.68,                   1.00,                   1.31
2016-12-23,22850,                  17.30,                   1.51,                  11.68,                   1.00,                   1.31
2016-12-26,23400,                  17.72,                   1.54,                  11.96,                   1.02,                   1.28
2016-12-27,23450,                  17.76,                   1.55,                  11.99,                   1.03,                   1.28
2016-12-28,23900,                  18.10,                   1.58,                  12.22,                   1.05,                   1.26
2016-12-29,23800,                  18.02,                   1.57,                  12.17,                   1.04,                   1.26
2017-01-02,22900,                  24.05,                   1.44,                  13.79,                   0.84,                   1.31
2017-01-03,22750,                  23.89,                   1.43,                  13.70,                   0.83,                   1.32
2017-01-04,23450,                  24.63,                   1.47,                  14.12,                   0.86,                   1.28
2017-01-05,24350,                  25.57,                   1.53,                  14.66,                   0.89,                   1.23
2017-01-06,24300,                  25.52,                   1.52,                  14.63,                   0.89,                   1.23
2017-01-09,23450,                  24.63,                   1.47,                  14.12,                   0.86,                   1.28
2017-01-10,22900,                  24.05,                   1.44,                  13.79,                   0.84,                   1.31
2017-01-11,22400,                  23.52,                   1.40,                  13.49,                   0.82,                   1.34
2017-01-12,21900,                  23.00,                   1.37,                  13.19,                   0.80,                   1.37
2017-01-13,22850,                  24.00,                   1.43,                  13.76,                   0.84,                   1.31
2017-01-16,23300,                  24.47,                   1.46,                  14.03,                   0.85,                   1.29
2017-01-17,22950,                  24.10,                   1.44,                  13.82,                   0.84,                   1.31
2017-01-18,23600,                  24.78,                   1.48,                  14.21,                   0.86,                   1.27
2017-01-19,23950,                  25.15,                   1.50,                  14.42,                   0.88,                   1.25
2017-01-20,23800,                  24.99,                   1.49,                  14.33,                   0.87,                   1.26
2017-01-23,23050,                  24.21,                   1.45,                  13.88,                   0.84,                   1.30
2017-01-24,21950,                  23.05,                   1.38,                  13.22,                   0.80,                   1.37
2017-01-25,21350,                  22.42,                   1.34,                  12.86,                   0.78,                   1.41
2017-01-26,21450,                  22.53,                   1.35,                  12.92,                   0.78,                   1.40
2017-01-31,21350,                  22.42,                   1.34,                  12.86,                   0.78,                   1.41
2017-02-01,21900,                  23.00,                   1.37,                  13.19,                   0.80,                   1.37
2017-02-02,21700,                  22.79,                   1.36,                  13.07,                   0.79,                   1.38
2017-02-03,21800,                  22.89,                   1.37,                  13.13,                   0.80,                   1.38
2017-02-06,21950,                  23.05,                   1.38,                  13.22,                   0.80,                   1.37
2017-02-07,22550,                  23.68,                   1.41,                  13.58,                   0.82,                   1.33
2017-02-08,22150,                  23.26,                   1.39,                  13.34,                   0.81,                   1.35
2017-02-09,22450,                  23.58,                   1.41,                  13.52,                   0.82,                   1.34
2017-02-10,22450,                  23.58,                   1.41,                  13.52,                   0.82,                   1.34
2017-02-13,22700,                  23.84,                   1.42,                  13.67,                   0.83,                   1.32
2017-02-14,22700,                  23.84,                   1.42,                  13.67,                   0.83,                   1.32
2017-02-15,24000,                  25.20,                   1.51,                  14.45,                   0.88,                   1.25
2017-02-16,24300,                  25.52,                   1.52,                  14.63,                   0.89,                   1.23
2017-02-17,25500,                  26.78,                   1.60,                  15.36,                   0.93,                   1.18
2017-02-20,25800,                  27.09,                   1.62,                  15.54,                   0.94,                   1.16
2017-02-21,26700,                  28.04,                   1.67,                  16.08,                   0.98,                   1.12
2017-02-22,26200,                  27.51,                   1.64,                  15.78,                   0.96,                   1.15
2017-02-23,26400,                  27.72,                   1.66,                  15.90,                   0.97,                   1.14
2017-02-24,26850,                  28.20,                   1.68,                  16.17,                   0.98,                   1.12
2017-02-27,26650,                  27.99,                   1.67,                  16.05,                   0.97,                   1.13
2017-02-28,26600,                  27.93,                   1.67,                  16.02,                   0.97,                   1.13
2017-03-02,26000,                  27.30,                   1.63,                  15.66,                   0.95,                   1.15
2017-03-03,25750,                  27.04,                   1.62,                  15.51,                   0.94,                   1.17
2017-03-06,26000,                  27.30,                   1.63,                  15.66,                   0.95,                   1.15
2017-03-07,26550,                  27.88,                   1.67,                  15.99,                   0.97,                   1.13
2017-03-08,25400,                  26.67,                   1.59,                  15.29,                   0.93,                   1.18
2017-03-09,25400,                  26.67,                   1.59,                  15.29,                   0.93,                   1.18
2017-03-10,26850,                  28.20,                   1.68,                  16.17,                   0.98,                   1.12
2017-03-13,26650,                  27.99,                   1.67,                  16.05,                   0.97,                   1.13
2017-03-14,26600,                  27.93,                   1.67,                  16.02,                   0.97,                   1.13
2017-03-15,25600,                  26.88,                   1.61,                  15.42,                   0.94,                   1.17
2017-03-16,25400,                  26.67,                   1.59,                  15.29,                   0.93,                   1.18
2017-03-17,26150,                  27.46,                   1.64,                  15.75,                   0.96,                   1.15
2017-03-20,25350,                  26.62,                   1.59,                  15.26,                   0.93,                   1.18
2017-03-21,28000,                  29.40,                   1.76,                  16.86,                   1.02,                   1.07
2017-03-22,27600,                  28.98,                   1.73,                  16.62,                   1.01,                   1.09
2017-03-23,26750,                  28.09,                   1.68,                  16.11,                   0.98,                   1.12
2017-03-24,26950,                  28.30,                   1.69,                  16.23,                   0.99,                   1.11
2017-03-27,27900,                  29.30,                   1.75,                  16.80,                   1.02,                   1.08
2017-03-28,28100,                  29.51,                   1.76,                  16.92,                   1.03,                   1.07
2017-03-29,28600,                  30.03,                   1.79,                  17.22,                   1.05,                   1.05
2017-03-30,28500,                  29.93,                   1.79,                  17.16,                   1.04,                   1.05
2017-03-31,28650,                  30.09,                   1.80,                  17.25,                   1.05,                   1.05
2017-04-03,29150,                  30.61,                   1.83,                  17.55,                   1.07,                   1.03
2017-04-04,29150,                  30.61,                   1.83,                  17.55,                   1.07,                   1.03
2017-04-05,29550,                  31.03,                   1.85,                  17.79,                   1.08,                   1.02
2017-04-06,30450,                  31.98,                   1.91,                  18.34,                   1.11,                   0.99
2017-04-07,31250,                  32.82,                   1.96,                  18.82,                   1.14,                   0.96
2017-04-10,30500,                  32.03,                   1.91,                  18.37,                   1.12,                   0.98
2017-04-11,30300,                  31.82,                   1.90,                  18.25,                   1.11,                   0.99
2017-04-12,30250,                  31.77,                   1.90,                  18.22,                   1.11,                   0.99
2017-04-13,30100,                  31.61,                   1.89,                  18.12,                   1.10,                   1.00
2017-04-14,30050,                  31.56,                   1.88,                  18.09,                   1.10,                   1.00
2017-04-17,30700,                  32.24,                   1.93,                  18.49,                   1.12,                   0.98
2017-04-18,31400,                  32.98,                   1.97,                  18.91,                   1.15,                   0.96
2017-04-19,31800,                  33.40,                   1.99,                  19.15,                   1.16,                   0.94
2017-04-20,31850,                  33.45,                   2.00,                  19.18,                   1.16,                   0.94
2017-04-21,32000,                  33.61,                   2.01,                  19.27,                   1.17,                   0.94
2017-04-24,31000,                  32.56,                   1.94,                  18.67,                   1.13,                   0.97
2017-04-25,32200,                  33.82,                   2.02,                  19.39,                   1.18,                   0.93
2017-04-26,32400,                  34.03,                   2.03,                  19.51,                   1.19,                   0.93
2017-04-27,32750,                  34.39,                   2.05,                  19.72,                   1.20,                   0.92
2017-04-28,32600,                  34.24,                   2.04,                  19.63,                   1.19,                   0.92
2017-05-02,33000,                  34.66,                   2.07,                  19.87,                   1.21,                   0.91
2017-05-04,32700,                  34.34,                   2.05,                  19.69,                   1.20,                   0.92
2017-05-08,33000,                  34.66,                   2.07,                  19.87,                   1.21,                   0.91
2017-05-10,33500,                  35.18,                   2.10,                  20.17,                   1.23,                   0.90
2017-05-11,33550,                  35.23,                   2.10,                  20.20,                   1.23,                   0.89
2017-05-12,32400,                  34.03,                   2.03,                  19.51,                   1.19,                   0.93
2017-05-15,33200,                  34.87,                   2.08,                  19.99,                   1.21,                   0.90
2017-05-16,32500,                  34.13,                   2.04,                  19.57,                   1.19,                   0.92
2017-05-17,32900,                  34.55,                   2.06,                  19.81,                   1.20,                   0.91
2017-05-18,33350,                  35.02,                   2.09,                  20.08,                   1.22,                   0.90
2017-05-19,33750,                  35.44,                   2.12,                  20.32,                   1.23,                   0.89
2017-05-22,33900,                  35.60,                   2.13,                  20.41,                   1.24,                   0.88
2017-05-23,33700,                  35.39,                   2.11,                  20.29,                   1.23,                   0.89
2017-05-24,35100,                  36.86,                   2.20,                  21.14,                   1.28,                   0.85
2017-05-25,35500,                  37.28,                   2.23,                  21.38,                   1.30,                   0.85
2017-05-26,35600,                  37.39,                   2.23,                  21.44,                   1.30,                   0.84
2017-05-29,35300,                  37.07,                   2.21,                  21.26,                   1.29,                   0.85
2017-05-30,35000,                  36.76,                   2.20,                  21.08,                   1.28,                   0.86
2017-05-31,35500,                  37.28,                   2.23,                  21.38,                   1.30,                   0.85
2017-06-01,35100,                  36.86,                   2.20,                  21.14,                   1.28,                   0.85
2017-06-02,35450,                  37.23,                   2.22,                  21.35,                   1.30,                   0.85
2017-06-05,36500,                  38.33,                   2.29,                  21.98,                   1.34,                   0.82
2017-06-07,35350,                  37.12,                   2.22,                  21.29,                   1.29,                   0.85
2017-06-08,34300,                  36.02,                   2.15,                  20.65,                   1.25,                   0.87
2017-06-09,33450,                  35.13,                   2.10,                  20.14,                   1.22,                   0.90
2017-06-12,31650,                  33.24,                   1.99,                  19.06,                   1.16,                   0.95
2017-06-13,32050,                  33.66,                   2.01,                  19.30,                   1.17,                   0.94
2017-06-14,30850,                  32.40,                   1.93,                  18.58,                   1.13,                   0.97
2017-06-15,30850,                  32.40,                   1.93,                  18.58,                   1.13,                   0.97
2017-06-16,30450,                  31.98,                   1.91,                  18.34,                   1.11,                   0.99
2017-06-19,31850,                  33.45,                   2.00,                  19.18,                   1.16,                   0.94
2017-06-20,31550,                  33.13,                   1.98,                  19.00,                   1.15,                   0.95
2017-06-21,32350,                  33.97,                   2.03,                  19.48,                   1.18,                   0.93
2017-06-22,31350,                  32.92,                   1.97,                  18.88,                   1.15,                   0.96
2017-06-23,31950,                  33.55,                   2.00,                  19.24,                   1.17,                   0.94
2017-06-26,32050,                  33.66,                   2.01,                  19.30,                   1.17,                   0.94
2017-06-27,31750,                  33.34,                   1.99,                  19.12,                   1.16,                   0.94
2017-06-28,31100,                  32.66,                   1.95,                  18.73,                   1.14,                   0.96
2017-06-29,31800,                  33.40,                   1.99,                  19.15,                   1.16,                   0.94
2017-06-30,31800,                  33.40,                   1.99,                  19.15,                   1.16,                   0.94
2017-07-03,31000,                  32.56,                   1.94,                  18.67,                   1.13,                   0.97
2017-07-04,31700,                  33.29,                   1.99,                  19.09,                   1.16,                   0.95
2017-07-05,32400,                  34.03,                   2.03,                  19.51,                   1.19,                   0.93
2017-07-06,32550,                  34.18,                   2.04,                  19.60,                   1.19,                   0.92
2017-07-07,33100,                  34.76,                   2.08,                  19.93,                   1.21,                   0.91
2017-07-10,32300,                  33.92,                   2.03,                  19.45,                   1.18,                   0.93
2017-07-11,31800,                  33.40,                   1.99,                  19.15,                   1.16,                   0.94
2017-07-12,31150,                  32.71,                   1.95,                  18.76,                   1.14,                   0.96
2017-07-13,29700,                  31.19,                   1.86,                  17.88,                   1.09,                   1.01
2017-07-14,30050,                  31.56,                   1.88,                  18.09,                   1.10,                   1.00
2017-07-17,30950,                  32.50,                   1.94,                  18.64,                   1.13,                   0.97
2017-07-18,31350,                  32.92,                   1.97,                  18.88,                   1.15,                   0.96
2017-07-19,31950,                  33.55,                   2.00,                  19.24,                   1.17,                   0.94
2017-07-20,31850,                  33.45,                   2.00,                  19.18,                   1.16,                   0.94
2017-07-21,31300,                  32.87,                   1.96,                  18.85,                   1.14,                   0.96
2017-07-24,32100,                  33.71,                   2.01,                  19.33,                   1.17,                   0.93
2017-07-25,32700,                  34.34,                   2.05,                  19.69,                   1.20,                   0.92
2017-07-26,34600,                  36.34,                   2.17,                  20.83,                   1.27,                   0.87
2017-07-27,33650,                  35.34,                   2.11,                  20.26,                   1.23,                   0.89
2017-07-28,33700,                  35.39,                   2.11,                  20.29,                   1.23,                   0.89
2017-07-31,32800,                  34.45,                   2.06,                  19.75,                   1.20,                   0.91
2017-08-01,32150,                  33.76,                   2.02,                  19.36,                   1.18,                   0.93
2017-08-02,31500,                  33.08,                   1.98,                  18.97,                   1.15,                   0.95
2017-08-03,31050,                  32.61,                   1.95,                  18.70,                   1.14,                   0.97
2017-08-04,31000,                  32.56,                   1.94,                  18.67,                   1.13,                   0.97
2017-08-07,31000,                  32.56,                   1.94,                  18.67,                   1.13,                   0.97
2017-08-08,31300,                  32.87,                   1.96,                  18.85,                   1.14,                   0.96
2017-08-09,31600,                  33.19,                   1.98,                  19.03,                   1.16,                   0.95
2017-08-10,31900,                  33.50,                   2.00,                  19.21,                   1.17,                   0.94
2017-08-11,31500,                  33.08,                   1.98,                  18.97,                   1.15,                   0.95
2017-08-14,30850,                  32.40,                   1.93,                  18.58,                   1.13,                   0.97
2017-08-16,30550,                  32.08,                   1.92,                  18.40,                   1.12,                   0.98
2017-08-17,30600,                  32.14,                   1.92,                  18.43,                   1.12,                   0.98
2017-08-18,30900,                  32.45,                   1.94,                  18.61,                   1.13,                   0.97
2017-08-21,31050,                  32.61,                   1.95,                  18.70,                   1.14,                   0.97
2017-08-22,31150,                  32.71,                   1.95,                  18.76,                   1.14,                   0.96
2017-08-23,30800,                  32.35,                   1.93,                  18.55,                   1.13,                   0.97
2017-08-24,30900,                  32.45,                   1.94,                  18.61,                   1.13,                   0.97
2017-08-25,31150,                  32.71,                   1.95,                  18.76,                   1.14,                   0.96
2017-08-28,32100,                  33.71,                   2.01,                  19.33,                   1.17,                   0.93
2017-08-29,33550,                  35.23,                   2.10,                  20.20,                   1.23,                   0.89
2017-08-30,33950,                  35.65,                   2.13,                  20.44,                   1.24,                   0.88
2017-08-31,33750,                  35.44,                   2.12,                  20.32,                   1.23,                   0.89
2017-09-01,34950,                  36.70,                   2.19,                  21.05,                   1.28,                   0.86
2017-09-04,34850,                  36.60,                   2.19,                  20.99,                   1.27,                   0.86
2017-09-05,34050,                  35.76,                   2.14,                  20.50,                   1.25,                   0.88
2017-09-06,34400,                  36.13,                   2.16,                  20.71,                   1.26,                   0.87
2017-09-07,34950,                  36.70,                   2.19,                  21.05,                   1.28,                   0.86
2017-09-08,34850,                  36.60,                   2.19,                  20.99,                   1.27,                   0.86
2017-09-11,36450,                  38.28,                   2.29,                  21.95,                   1.33,                   0.82
2017-09-12,36450,                  38.28,                   2.29,                  21.95,                   1.33,                   0.82
2017-09-13,34900,                  36.65,                   2.19,                  21.02,                   1.28,                   0.86
2017-09-14,36350,                  38.17,                   2.28,                  21.89,                   1.33,                   0.83
2017-09-15,36450,                  38.28,                   2.29,                  21.95,                   1.33,                   0.82
2017-09-18,35050,                  36.81,                   2.20,                  21.11,                   1.28,                   0.86
2017-09-19,35400,                  37.18,                   2.22,                  21.32,                   1.29,                   0.85
2017-09-20,38250,                  40.17,                   2.40,                  23.03,                   1.40,                   0.78
2017-09-21,37850,                  39.75,                   2.37,                  22.79,                   1.38,                   0.79
2017-09-22,36500,                  38.33,                   2.29,                  21.98,                   1.34,                   0.82
2017-09-25,35500,                  37.28,                   2.23,                  21.38,                   1.30,                   0.85
2017-09-26,37500,                  39.38,                   2.35,                  22.58,                   1.37,                   0.80
2017-09-27,37950,                  39.85,                   2.38,                  22.85,                   1.39,                   0.79
2017-09-28,38750,                  40.69,                   2.43,                  23.33,                   1.42,                   0.77
2017-09-29,38200,                  40.12,                   2.40,                  23.00,                   1.40,                   0.79
2017-10-10,38550,                  40.48,                   2.42,                  23.21,                   1.41,                   0.78
2017-10-11,38500,                  40.43,                   2.41,                  23.18,                   1.41,                   0.78
2017-10-12,39000,                  40.96,                   2.45,                  23.48,                   1.43,                   0.77
2017-10-13,39350,                  41.32,                   2.47,                  23.69,                   1.44,                   0.76
2017-10-16,37250,                  39.12,                   2.34,                  22.43,                   1.36,                   0.81
2017-10-17,37600,                  39.49,                   2.36,                  22.64,                   1.38,                   0.80
2017-10-18,37650,                  39.54,                   2.36,                  22.67,                   1.38,                   0.80
2017-10-19,37900,                  39.80,                   2.38,                  22.82,                   1.39,                   0.79
2017-10-20,38150,                  40.06,                   2.39,                  22.97,                   1.40,                   0.79
2017-10-23,37650,                  39.54,                   2.36,                  22.67,                   1.38,                   0.80
2017-10-24,38450,                  40.38,                   2.41,                  23.15,                   1.41,                   0.78
2017-10-25,38800,                  40.75,                   2.43,                  23.36,                   1.42,                   0.77
2017-10-26,39100,                  41.06,                   2.45,                  23.54,                   1.43,                   0.77
2017-10-27,38300,                  40.22,                   2.40,                  23.06,                   1.40,                   0.78
2017-10-30,38450,                  40.38,                   2.41,                  23.15,                   1.41,                   0.78
2017-10-31,37850,                  39.75,                   2.37,                  22.79,                   1.38,                   0.79
2017-11-01,37550,                  39.43,                   2.36,                  22.61,                   1.37,                   0.80
2017-11-02,36500,                  38.33,                   2.29,                  21.98,                   1.34,                   0.82
2017-11-03,37900,                  39.80,                   2.38,                  22.82,                   1.39,                   0.79
2017-11-06,38200,                  40.12,                   2.40,                  23.00,                   1.40,                   0.79
2017-11-07,37700,                  39.59,                   2.36,                  22.70,                   1.38,                   0.80
2017-11-08,38200,                  40.12,                   2.40,                  23.00,                   1.40,                   0.79
2017-11-09,37500,                  39.38,                   2.35,                  22.58,                   1.37,                   0.80
2017-11-10,37850,                  39.75,                   2.37,                  22.79,                   1.38,                   0.79
2017-11-13,38200,                  40.12,                   2.40,                  23.00,                   1.40,                   0.79
2017-11-14,39550,                  41.53,                   2.48,                  23.82,                   1.45,                   0.76
2017-11-15,41200,                  43.27,                   2.58,                  24.81,                   1.51,                   0.73
2017-11-16,40900,                  42.95,                   2.57,                  24.63,                   1.50,                   0.73
2017-11-17,39300,                  41.27,                   2.46,                  23.66,                   1.44,                   0.76
2017-11-20,40300,                  42.32,                   2.53,                  24.27,                   1.47,                   0.74
2017-11-21,41300,                  43.37,                   2.59,                  24.87,                   1.51,                   0.73
2017-11-22,39400,                  41.38,                   2.47,                  23.73,                   1.44,                   0.76
2017-11-23,40300,                  42.32,                   2.53,                  24.27,                   1.47,                   0.74
2017-11-24,40600,                  42.64,                   2.55,                  24.45,                   1.49,                   0.74
2017-11-27,40550,                  42.58,                   2.54,                  24.42,                   1.48,                   0.74
2017-11-28,39650,                  41.64,                   2.49,                  23.88,                   1.45,                   0.76
2017-11-29,39950,                  41.95,                   2.51,                  24.06,                   1.46,                   0.75
2017-11-30,39200,                  41.17,                   2.46,                  23.60,                   1.43,                   0.77
2017-12-01,39500,                  41.48,                   2.48,                  23.79,                   1.44,                   0.76
2017-12-04,38950,                  40.90,                   2.44,                  23.45,                   1.42,                   0.77
2017-12-05,38300,                  40.22,                   2.40,                  23.06,                   1.40,                   0.78
2017-12-06,38400,                  40.33,                   2.41,                  23.12,                   1.40,                   0.78
2017-12-07,36900,                  38.75,                   2.31,                  22.22,                   1.35,                   0.81
2017-12-08,35900,                  37.70,                   2.25,                  21.62,                   1.31,                   0.84
2017-12-11,37600,                  39.49,                   2.36,                  22.64,                   1.38,                   0.80
2017-12-12,37300,                  39.17,                   2.34,                  22.46,                   1.36,                   0.80
2017-12-13,38850,                  40.80,                   2.44,                  23.39,                   1.42,                   0.77
2017-12-14,37450,                  39.33,                   2.35,                  22.55,                   1.37,                   0.80
2017-12-15,38450,                  40.38,                   2.41,                  23.15,                   1.41,                   0.78
2017-12-18,38400,                  40.33,                   2.41,                  23.12,                   1.40,                   0.78
2017-12-19,37550,                  39.43,                   2.36,                  22.61,                   1.37,                   0.80
2017-12-20,37900,                  39.80,                   2.38,                  22.82,                   1.39,                   0.79
2017-12-21,37100,                  38.96,                   2.33,                  22.34,                   1.36,                   0.81
2017-12-22,38500,                  40.43,                   2.41,                  23.18,                   1.41,                   0.78
2017-12-26,38350,                  40.27,                   2.41,                  23.09,                   1.40,                   0.78
2017-12-27,39250,                  41.22,                   2.46,                  23.63,                   1.44,                   0.76
2017-12-28,39250,                  41.22,                   2.46,                  23.63,                   1.44,                   0.76
2018-01-02,39500,                  41.48,                   2.48,                  23.79,                   1.44,                   0.76
2018-01-03,38900,                  40.85,                   2.44,                  23.42,                   1.42,                   0.77
2018-01-04,36800,                  38.65,                   2.31,                  22.16,                   1.35,                   0.82
2018-01-05,36900,                  38.75,                   2.31,                  22.22,                   1.35,                   0.81
2018-01-08,37150,                  39.01,                   2.33,                  22.37,                   1.36,                   0.81
2018-01-09,37250,                  39.12,                   2.34,                  22.43,                   1.36,                   0.81
2018-01-10,37150,                  39.01,                   2.33,                  22.37,                   1.36,                   0.81
2018-01-11,37600,                  39.49,                   2.36,                  22.64,                   1.38,                   0.80
2018-01-12,38550,                  40.48,                   2.42,                  23.21,                   1.41,                   0.78
2018-01-15,39650,                  41.64,                   2.49,                  23.88,                   1.45,                   0.76
2018-01-16,39600,                  41.59,                   2.48,                  23.85,                   1.45,                   0.76
2018-01-17,39000,                  40.96,                   2.45,                  23.48,                   1.43,                   0.77
2018-01-18,38900,                  40.85,                   2.44,                  23.42,                   1.42,                   0.77
2018-01-19,38500,                  40.43,                   2.41,                  23.18,                   1.41,                   0.78
2018-01-22,38900,                  40.85,                   2.44,                  23.42,                   1.42,                   0.77
2018-01-23,39250,                  41.22,                   2.46,                  23.63,                   1.44,                   0.76
2018-01-24,39800,                  41.80,                   2.50,                  23.97,                   1.46,                   0.75
2018-01-25,39750,                  41.74,                   2.49,                  23.94,                   1.45,                   0.75
2018-01-26,40950,                  43.00,                   2.57,                  24.66,                   1.50,                   0.73
2018-01-29,42300,                  44.42,                   2.65,                  25.47,                   1.55,                   0.71
2018-01-30,43300,                  45.47,                   2.72,                  26.07,                   1.58,                   0.69
2018-01-31,42500,                  44.63,                   2.67,                  25.59,                   1.55,                   0.71
2018-02-01,41250,                  43.32,                   2.59,                  24.84,                   1.51,                   0.73
2018-02-02,40550,                  42.58,                   2.54,                  24.42,                   1.48,                   0.74
2018-02-05,38850,                  40.80,                   2.44,                  23.39,                   1.42,                   0.77
2018-02-06,39050,                  41.01,                   2.45,                  23.51,                   1.43,                   0.77
2018-02-07,37500,                  39.38,                   2.35,                  22.58,                   1.37,                   0.80
2018-02-08,37950,                  39.85,                   2.38,                  22.85,                   1.39,                   0.79
2018-02-09,38200,                  40.12,                   2.40,                  23.00,                   1.40,                   0.79
2018-02-12,38800,                  40.75,                   2.43,                  23.36,                   1.42,                   0.77
2018-02-13,39400,                  41.38,                   2.47,                  23.73,                   1.44,                   0.76
2018-02-14,40500,                  42.53,                   2.54,                  24.39,                   1.48,                   0.74
2018-02-19,40950,                  43.00,                   2.57,                  24.66,                   1.50,                   0.73
2018-02-20,40900,                  42.95,                   2.57,                  24.63,                   1.50,                   0.73
2018-02-21,40000,                  42.01,                   2.51,                  24.09,                   1.46,                   0.75
2018-02-22,39850,                  41.85,                   2.50,                  24.00,                   1.46,                   0.75
2018-02-23,41450,                  43.53,                   2.60,                  24.96,                   1.52,                   0.72
2018-02-26,42000,                  44.11,                   2.63,                  25.29,                   1.54,                   0.71
2018-02-27,42400,                  44.53,                   2.66,                  25.53,                   1.55,                   0.71
2018-02-28,41100,                  43.16,                   2.58,                  24.75,                   1.50,                   0.73
2018-03-02,41850,                  43.95,                   2.62,                  25.20,                   1.53,                   0.72
2018-03-05,40750,                  42.79,                   2.56,                  24.54,                   1.49,                   0.74
2018-03-06,41200,                  43.27,                   2.58,                  24.81,                   1.51,                   0.73
2018-03-07,41100,                  43.16,                   2.58,                  24.75,                   1.50,                   0.73
2018-03-08,40550,                  42.58,                   2.54,                  24.42,                   1.48,                   0.74
2018-03-09,41800,                  43.90,                   2.62,                  25.17,                   1.53,                   0.72
2018-03-12,42300,                  44.42,                   2.65,                  25.47,                   1.55,                   0.71
2018-03-13,42050,                  44.16,                   2.64,                  25.32,                   1.54,                   0.71
2018-03-14,42450,                  44.58,                   2.66,                  25.56,                   1.55,                   0.71
2018-03-15,42350,                  48.38,                   2.52,                  24.80,                   1.43,                   0.71
2018-03-16,42400,                  48.44,                   2.53,                  24.83,                   1.43,                   0.71
2018-03-19,41550,                  47.47,                   2.48,                  24.33,                   1.40,                   0.72
2018-03-20,41300,                  47.18,                   2.46,                  24.18,                   1.40,                   0.73
2018-03-21,41300,                  47.18,                   2.46,                  24.18,                   1.40,                   0.73
2018-03-22,40550,                  46.33,                   2.42,                  23.74,                   1.37,                   0.74
2018-03-23,38800,                  44.33,                   2.31,                  22.72,                   1.31,                   0.77
2018-03-26,39450,                  45.07,                   2.35,                  23.10,                   1.33,                   0.76
2018-03-27,40700,                  46.50,                   2.43,                  23.83,                   1.38,                   0.74
2018-03-28,40350,                  46.10,                   2.41,                  23.63,                   1.36,                   0.74
2018-03-29,39750,                  45.41,                   2.37,                  23.28,                   1.34,                   0.75
2018-03-30,40200,                  45.93,                   2.40,                  23.54,                   1.36,                   0.75
2018-04-02,39900,                  45.59,                   2.38,                  23.36,                   1.35,                   0.75
2018-04-03,39850,                  45.53,                   2.38,                  23.33,                   1.35,                   0.75
2018-04-04,39750,                  45.41,                   2.37,                  23.28,                   1.34,                   0.75
2018-04-05,39150,                  44.73,                   2.33,                  22.92,                   1.32,                   0.77
2018-04-06,39700,                  45.36,                   2.37,                  23.25,                   1.34,                   0.76
2018-04-09,39850,                  45.53,                   2.38,                  23.33,                   1.35,                   0.75
2018-04-10,40950,                  46.79,                   2.44,                  23.98,                   1.38,                   0.73
2018-04-11,41350,                  47.24,                   2.46,                  24.21,                   1.40,                   0.73
2018-04-12,40100,                  45.81,                   2.39,                  23.48,                   1.36,                   0.75
2018-04-13,40200,                  45.93,                   2.40,                  23.54,                   1.36,                   0.75
2018-04-16,41250,                  47.13,                   2.46,                  24.15,                   1.39,                   0.73
2018-04-17,41100,                  46.96,                   2.45,                  24.07,                   1.39,                   0.73
2018-04-18,39150,                  44.73,                   2.33,                  22.92,                   1.32,                   0.77
2018-04-19,39150,                  44.73,                   2.33,                  22.92,                   1.32,                   0.77
2018-04-20,39450,                  45.07,                   2.35,                  23.10,                   1.33,                   0.76
2018-04-23,38600,                  44.10,                   2.30,                  22.60,                   1.30,                   0.78
2018-04-24,38700,                  44.21,                   2.31,                  22.66,                   1.31,                   0.78
2018-04-25,38500,                  43.99,                   2.30,                  22.54,                   1.30,                   0.78
2018-04-26,38450,                  43.93,                   2.29,                  22.51,                   1.30,                   0.78
2018-04-27,38600,                  44.10,                   2.30,                  22.60,                   1.30,                   0.78
2018-04-30,38200,                  43.64,                   2.28,                  22.37,                   1.29,                   0.79
2018-05-02,39400,                  45.01,                   2.35,                  23.07,                   1.33,                   0.76
2018-05-03,38700,                  44.21,                   2.31,                  22.66,                   1.31,                   0.78
2018-05-04,37950,                  43.36,                   2.26,                  22.22,                   1.28,                   0.79
2018-05-08,37650,                  43.01,                   2.24,                  22.05,                   1.27,                   0.80
2018-05-09,37950,                  43.36,                   2.26,                  22.22,                   1.28,                   0.79
2018-05-10,37500,                  42.84,                   2.24,                  21.96,                   1.27,                   0.80
2018-05-11,37800,                  43.19,                   2.25,                  22.13,                   1.28,                   0.79
2018-05-14,38050,                  43.47,                   2.27,                  22.28,                   1.29,                   0.79
2018-05-15,38000,                  43.41,                   2.27,                  22.25,                   1.28,                   0.79
2018-05-16,38300,                  43.76,                   2.28,                  22.43,                   1.29,                   0.78
2018-05-17,37950,                  43.36,                   2.26,                  22.22,                   1.28,                   0.79
2018-05-18,38000,                  43.41,                   2.27,                  22.25,                   1.28,                   0.79
2018-05-21,38650,                  44.16,                   2.30,                  22.63,                   1.31,                   0.78
2018-05-23,37400,                  42.73,                   2.23,                  21.90,                   1.26,                   0.80
2018-05-24,37600,                  42.96,                   2.24,                  22.02,                   1.27,                   0.80
2018-05-25,37750,                  43.13,                   2.25,                  22.10,                   1.28,                   0.79
2018-05-28,37450,                  42.79,                   2.23,                  21.93,                   1.27,                   0.80
2018-05-29,37900,                  43.30,                   2.26,                  22.19,                   1.28,                   0.79
2018-05-30,38200,                  43.64,                   2.28,                  22.37,                   1.29,                   0.79
2018-05-31,37950,                  43.36,                   2.26,                  22.22,                   1.28,                   0.79
2018-06-01,38300,                  43.76,                   2.28,                  22.43,                   1.29,                   0.78
2018-06-04,37300,                  42.61,                   2.22,                  21.84,                   1.26,                   0.80
2018-06-05,36450,                  41.64,                   2.17,                  21.34,                   1.23,                   0.82
2018-06-07,36350,                  41.53,                   2.17,                  21.29,                   1.23,                   0.83
2018-06-08,36100,                  41.24,                   2.15,                  21.14,                   1.22,                   0.83
2018-06-11,37050,                  42.33,                   2.21,                  21.69,                   1.25,                   0.81
2018-06-12,38350,                  43.81,                   2.29,                  22.46,                   1.30,                   0.78
2018-06-14,38100,                  43.53,                   2.27,                  22.31,                   1.29,                   0.79
2018-06-15,37850,                  43.24,                   2.26,                  22.16,                   1.28,                   0.79
2018-06-18,37350,                  42.67,                   2.23,                  21.87,                   1.26,                   0.80
2018-06-19,34000,                  38.84,                   2.03,                  19.91,                   1.15,                   0.88
2018-06-20,34200,                  39.07,                   2.04,                  20.03,                   1.16,                   0.88
2018-06-21,33050,                  37.76,                   1.97,                  19.35,                   1.12,                   0.91
2018-06-22,33950,                  38.79,                   2.02,                  19.88,                   1.15,                   0.88
2018-06-25,32950,                  37.65,                   1.96,                  19.29,                   1.11,                   0.91
2018-06-26,33500,                  38.27,                   2.00,                  19.62,                   1.13,                   0.90
2018-06-27,34300,                  39.19,                   2.04,                  20.08,                   1.16,                   0.87
2018-06-28,32950,                  37.65,                   1.96,                  19.29,                   1.11,                   0.91
2018-06-29,33250,                  37.99,                   1.98,                  19.47,                   1.12,                   0.90
2018-07-02,32400,                  37.02,                   1.93,                  18.97,                   1.10,                   0.93
2018-07-03,31800,                  36.33,                   1.90,                  18.62,                   1.08,                   0.94
2018-07-04,32050,                  36.62,                   1.91,                  18.77,                   1.08,                   0.94
2018-07-05,31000,                  35.42,                   1.85,                  18.15,                   1.05,                   0.97
2018-07-06,31700,                  36.22,                   1.89,                  18.56,                   1.07,                   0.95
2018-07-09,32000,                  36.56,                   1.91,                  18.74,                   1.08,                   0.94
2018-07-10,31600,                  36.10,                   1.88,                  18.50,                   1.07,                   0.95
2018-07-11,31200,                  35.65,                   1.86,                  18.27,                   1.05,                   0.96
2018-07-12,31300,                  35.76,                   1.87,                  18.33,                   1.06,                   0.96
2018-07-13,33000,                  37.70,                   1.97,                  19.32,                   1.12,                   0.91
2018-07-16,31700,                  36.22,                   1.89,                  18.56,                   1.07,                   0.95
2018-07-17,31550,                  36.05,                   1.88,                  18.47,                   1.07,                   0.95
2018-07-18,31500,                  35.99,                   1.88,                  18.45,                   1.06,                   0.95
2018-07-19,31000,                  35.42,                   1.85,                  18.15,                   1.05,                   0.97
2018-07-20,31000,                  35.42,                   1.85,                  18.15,                   1.05,                   0.97
2018-07-23,30950,                  35.36,                   1.84,                  18.12,                   1.05,                   0.97
2018-07-24,32000,                  36.56,                   1.91,                  18.74,                   1.08,                   0.94
2018-07-25,31900,                  36.45,                   1.90,                  18.68,                   1.08,                   0.94
2018-07-26,31100,                  35.53,                   1.85,                  18.21,                   1.05,                   0.96
2018-07-27,30600,                  34.96,                   1.82,                  17.92,                   1.03,                   0.98
2018-07-30,29950,                  34.22,                   1.79,                  17.54,                   1.01,                   1.00
2018-07-31,29800,                  34.05,                   1.78,                  17.45,                   1.01,                   1.01
2018-08-01,30650,                  35.02,                   1.83,                  17.95,                   1.04,                   0.98
2018-08-02,30000,                  34.27,                   1.79,                  17.57,                   1.01,                   1.00
2018-08-03,30150,                  34.45,                   1.80,                  17.65,                   1.02,                   1.00
2018-08-06,30550,                  34.90,                   1.82,                  17.89,                   1.03,                   0.98
2018-08-07,30700,                  35.07,                   1.83,                  17.98,                   1.04,                   0.98
2018-08-08,30700,                  35.07,                   1.83,                  17.98,                   1.04,                   0.98
2018-08-09,30950,                  35.36,                   1.84,                  18.12,                   1.05,                   0.97
2018-08-10,31550,                  36.05,                   1.88,                  18.47,                   1.07,                   0.95
2018-08-13,31500,                  35.99,                   1.88,                  18.45,                   1.06,                   0.95
2018-08-14,31550,                  36.05,                   1.88,                  18.47,                   1.07,                   0.95
2018-08-16,30950,                  35.36,                   1.84,                  18.12,                   1.05,                   0.97
2018-08-17,33100,                  37.82,                   1.97,                  19.38,                   1.12,                   0.91
2018-08-20,30500,                  34.85,                   1.82,                  17.86,                   1.03,                   0.98
2018-08-21,30450,                  34.79,                   1.82,                  17.83,                   1.03,                   0.99
2018-08-22,29950,                  34.22,                   1.79,                  17.54,                   1.01,                   1.00
2018-08-23,29300,                  33.48,                   1.75,                  17.16,                   0.99,                   1.02
2018-08-24,29900,                  34.16,                   1.78,                  17.51,                   1.01,                   1.00
2018-08-27,30050,                  34.33,                   1.79,                  17.60,                   1.02,                   1.00
2018-08-28,30000,                  34.27,                   1.79,                  17.57,                   1.01,                   1.00
2018-08-29,30250,                  34.56,                   1.80,                  17.71,                   1.02,                   0.99
2018-08-30,29900,                  34.16,                   1.78,                  17.51,                   1.01,                   1.00
2018-08-31,30650,                  35.02,                   1.83,                  17.95,                   1.04,                   0.98
2018-09-03,30700,                  35.07,                   1.83,                  17.98,                   1.04,                   0.98
2018-09-04,30400,                  34.73,                   1.81,                  17.80,                   1.03,                   0.99
2018-09-05,30400,                  34.73,                   1.81,                  17.80,                   1.03,                   0.99
2018-09-06,30050,                  34.33,                   1.79,                  17.60,                   1.02,                   1.00
2018-09-07,30300,                  34.62,                   1.81,                  17.74,                   1.02,                   0.99
2018-09-10,30150,                  34.45,                   1.80,                  17.65,                   1.02,                   1.00
2018-09-11,30450,                  34.79,                   1.82,                  17.83,                   1.03,                   0.99
2018-09-12,31500,                  35.99,                   1.88,                  18.45,                   1.06,                   0.95
2018-09-13,30900,                  35.30,                   1.84,                  18.09,                   1.04,                   0.97
2018-09-14,31200,                  35.65,                   1.86,                  18.27,                   1.05,                   0.96
2018-09-17,30700,                  35.07,                   1.83,                  17.98,                   1.04,                   0.98
2018-09-18,30850,                  35.25,                   1.84,                  18.06,                   1.04,                   0.97
2018-09-19,30350,                  34.67,                   1.81,                  17.77,                   1.03,                   0.99
2018-09-20,30650,                  35.02,                   1.83,                  17.95,                   1.04,                   0.98
2018-09-21,31150,                  35.59,                   1.86,                  18.24,                   1.05,                   0.96
2018-09-27,29350,                  33.53,                   1.75,                  17.19,                   0.99,                   1.02
2018-09-28,28850,                  32.96,                   1.72,                  16.89,                   0.98,                   1.04
2018-10-01,28600,                  32.68,                   1.70,                  16.75,                   0.97,                   1.05
2018-10-02,27200,                  31.08,                   1.62,                  15.93,                   0.92,                   1.10
2018-10-04,26700,                  30.50,                   1.59,                  15.63,                   0.90,                   1.12
2018-10-05,26050,                  29.76,                   1.55,                  15.25,                   0.88,                   1.15
2018-10-08,25950,                  29.65,                   1.55,                  15.20,                   0.88,                   1.16
2018-10-10,25050,                  28.62,                   1.49,                  14.67,                   0.85,                   1.20
2018-10-11,23450,                  26.79,                   1.40,                  13.73,                   0.79,                   1.28
2018-10-12,24150,                  27.59,                   1.44,                  14.14,                   0.82,                   1.24
2018-10-15,23950,                  27.36,                   1.43,                  14.02,                   0.81,                   1.25
2018-10-16,23900,                  27.31,                   1.42,                  13.99,                   0.81,                   1.26
2018-10-17,23950,                  27.36,                   1.43,                  14.02,                   0.81,                   1.25
2018-10-18,23750,                  27.13,                   1.42,                  13.91,                   0.80,                   1.26
2018-10-19,23850,                  27.25,                   1.42,                  13.97,                   0.81,                   1.26
2018-10-22,23200,                  26.51,                   1.38,                  13.58,                   0.78,                   1.29
2018-10-23,22550,                  25.76,                   1.34,                  13.20,                   0.76,                   1.33
2018-10-24,22900,                  26.16,                   1.37,                  13.41,                   0.77,                   1.31
2018-10-25,22150,                  25.31,                   1.32,                  12.97,                   0.75,                   1.35
2018-10-26,21650,                  24.73,                   1.29,                  12.68,                   0.73,                   1.39
2018-10-29,21050,                  24.05,                   1.25,                  12.33,                   0.71,                   1.43
2018-10-30,21750,                  24.85,                   1.30,                  12.74,                   0.74,                   1.38
2018-10-31,20750,                  23.71,                   1.24,                  12.15,                   0.70,                   1.45
2018-11-01,21500,                  24.56,                   1.28,                  12.59,                   0.73,                   1.40
2018-11-02,22900,                  26.16,                   1.37,                  13.41,                   0.77,                   1.31
2018-11-05,22950,                  26.22,                   1.37,                  13.44,                   0.78,                   1.31
2018-11-06,24400,                  27.88,                   1.45,                  14.29,                   0.82,                   1.23
2018-11-07,23600,                  26.96,                   1.41,                  13.82,                   0.80,                   1.27
2018-11-08,24250,                  27.71,                   1.45,                  14.20,                   0.82,                   1.24
2018-11-09,23600,                  26.96,                   1.41,                  13.82,                   0.80,                   1.27
2018-11-12,23450,                  26.79,                   1.40,                  13.73,                   0.79,                   1.28
2018-11-13,23750,                  27.13,                   1.42,                  13.91,                   0.80,                   1.26
2018-11-14,24000,                  27.42,                   1.43,                  14.05,                   0.81,                   1.25
2018-11-15,23800,                  27.19,                   1.42,                  13.94,                   0.80,                   1.26
2018-11-16,24100,                  27.53,                   1.44,                  14.11,                   0.81,                   1.24
2018-11-19,24650,                  28.16,                   1.47,                  14.43,                   0.83,                   1.22
2018-11-20,24950,                  28.51,                   1.49,                  14.61,                   0.84,                   1.20
2018-11-21,24900,                  28.45,                   1.48,                  14.58,                   0.84,                   1.20
2018-11-22,24250,                  27.71,                   1.45,                  14.20,                   0.82,                   1.24
2018-11-23,23700,                  27.08,                   1.41,                  13.88,                   0.80,                   1.27
2018-11-26,24450,                  27.93,                   1.46,                  14.32,                   0.83,                   1.23
2018-11-27,24250,                  27.71,                   1.45,                  14.20,                   0.82,                   1.24
2018-11-28,24250,                  27.71,                   1.45,                  14.20,                   0.82,                   1.24
2018-11-29,24450,                  27.93,                   1.46,                  14.32,                   0.83,                   1.23
2018-11-30,24200,                  27.65,                   1.44,                  14.17,                   0.82,                   1.24
2018-12-03,25100,                  28.68,                   1.50,                  14.70,                   0.85,                   1.20
2018-12-04,24550,                  28.05,                   1.46,                  14.38,                   0.83,                   1.22
2018-12-05,24300,                  27.76,                   1.45,                  14.23,                   0.82,                   1.23
2018-12-06,24000,                  27.42,                   1.43,                  14.05,                   0.81,                   1.25
2018-12-07,23400,                  26.73,                   1.39,                  13.70,                   0.79,                   1.28
2018-12-10,22950,                  26.22,                   1.37,                  13.44,                   0.78,                   1.31
2018-12-11,22400,                  25.59,                   1.34,                  13.12,                   0.76,                   1.34
2018-12-12,23150,                  26.45,                   1.38,                  13.56,                   0.78,                   1.30
2018-12-13,23450,                  26.79,                   1.40,                  13.73,                   0.79,                   1.28
2018-12-14,24150,                  27.59,                   1.44,                  14.14,                   0.82,                   1.24
2018-12-17,24450,                  27.93,                   1.46,                  14.32,                   0.83,                   1.23
2018-12-18,24650,                  28.16,                   1.47,                  14.43,                   0.83,                   1.22
2018-12-19,24650,                  28.16,                   1.47,                  14.43,                   0.83,                   1.22
2018-12-20,24900,                  28.45,                   1.48,                  14.58,                   0.84,                   1.20
2018-12-21,25350,                  28.96,                   1.51,                  14.84,                   0.86,                   1.18
2018-12-24,25000,                  28.56,                   1.49,                  14.64,                   0.85,                   1.20
2018-12-26,24750,                  28.28,                   1.48,                  14.49,                   0.84,                   1.21
2018-12-27,24400,                  27.88,                   1.45,                  14.29,                   0.82,                   1.23
2018-12-28,25100,                  28.68,                   1.50,                  14.70,                   0.85,                   1.20
2019-01-02,24400,                  27.88,                   1.45,                  14.29,                   0.82,                   1.23
2019-01-03,23900,                  27.31,                   1.42,                  13.99,                   0.81,                   1.26
2019-01-04,24600,                  28.11,                   1.47,                  14.40,                   0.83,                   1.22
2019-01-07,24550,                  28.05,                   1.46,                  14.38,                   0.83,                   1.22
2019-01-08,25050,                  28.62,                   1.49,                  14.67,                   0.85,                   1.20
2019-01-09,25100,                  28.68,                   1.50,                  14.70,                   0.85,                   1.20
2019-01-10,25150,                  28.73,                   1.50,                  14.73,                   0.85,                   1.19
2019-01-11,24450,                  27.93,                   1.46,                  14.32,                   0.83,                   1.23
2019-01-14,24200,                  27.65,                   1.44,                  14.17,                   0.82,                   1.24
2019-01-15,24050,                  27.48,                   1.43,                  14.08,                   0.81,                   1.25
2019-01-16,23700,                  27.08,                   1.41,                  13.88,                   0.80,                   1.27
2019-01-17,23850,                  27.25,                   1.42,                  13.97,                   0.81,                   1.26
2019-01-18,24250,                  27.71,                   1.45,                  14.20,                   0.82,                   1.24
2019-01-21,23850,                  27.25,                   1.42,                  13.97,                   0.81,                   1.26
2019-01-22,23900,                  27.31,                   1.42,                  13.99,                   0.81,                   1.26
2019-01-23,24200,                  27.65,                   1.44,                  14.17,                   0.82,                   1.24
2019-01-24,24050,                  27.48,                   1.43,                  14.08,                   0.81,                   1.25
2019-01-25,23700,                  27.08,                   1.41,                  13.88,                   0.80,                   1.27
2019-01-28,23900,                  27.31,                   1.42,                  13.99,                   0.81,                   1.26
2019-01-29,23700,                  27.08,                   1.41,                  13.88,                   0.80,                   1.27
2019-01-30,23850,                  27.25,                   1.42,                  13.97,                   0.81,                   1.26
2019-01-31,23900,                  27.31,                   1.42,                  13.99,                   0.81,                   1.26
2019-02-01,24200,                  27.65,                   1.44,                  14.17,                   0.82,                   1.24
2019-02-07,23750,                  27.13,                   1.42,                  13.91,                   0.80,                   1.26
2019-02-08,24000,                  27.42,                   1.43,                  14.05,                   0.81,                   1.25
2019-02-11,25450,                  29.08,                   1.52,                  14.90,                   0.86,                   1.18
2019-02-12,25050,                  28.62,                   1.49,                  14.67,                   0.85,                   1.20
2019-02-13,26100,                  29.82,                   1.56,                  15.28,                   0.88,                   1.15
2019-02-14,26100,                  29.82,                   1.56,                  15.28,                   0.88,                   1.15
2019-02-15,25950,                  29.65,                   1.55,                  15.20,                   0.88,                   1.16
2019-02-18,26200,                  29.93,                   1.56,                  15.34,                   0.89,                   1.15
2019-02-19,26250,                  29.99,                   1.56,                  15.37,                   0.89,                   1.14
2019-02-20,26450,                  30.22,                   1.58,                  15.49,                   0.89,                   1.13
2019-02-21,26150,                  29.88,                   1.56,                  15.31,                   0.88,                   1.15
2019-02-22,26100,                  29.82,                   1.56,                  15.28,                   0.88,                   1.15
2019-02-25,25900,                  29.59,                   1.54,                  15.17,                   0.88,                   1.16
2019-02-26,25800,                  29.48,                   1.54,                  15.11,                   0.87,                   1.16
2019-02-27,26450,                  30.22,                   1.58,                  15.49,                   0.89,                   1.13
2019-02-28,26150,                  29.88,                   1.56,                  15.31,                   0.88,                   1.15
2019-03-04,26800,                  30.62,                   1.60,                  15.69,                   0.91,                   1.12
2019-03-05,26700,                  30.50,                   1.59,                  15.63,                   0.90,                   1.12
2019-03-06,26000,                  29.70,                   1.55,                  15.22,                   0.88,                   1.15
2019-03-07,25550,                  29.19,                   1.52,                  14.96,                   0.86,                   1.17
2019-03-08,24900,                  28.45,                   1.48,                  14.58,                   0.84,                   1.20
2019-03-11,25300,                  28.91,                   1.51,                  14.81,                   0.86,                   1.19
2019-03-12,25400,                  29.02,                   1.51,                  14.87,                   0.86,                   1.18
2019-03-13,26150,                  29.88,                   1.56,                  15.31,                   0.88,                   1.15
2019-03-14,26200,                  29.93,                   1.56,                  15.34,                   0.89,                   1.15
2019-03-15,26100,                  29.82,                   1.56,                  15.28,                   0.88,                   1.15
2019-03-18,25450,                  29.08,                   1.52,                  14.90,                   0.86,                   1.18
2019-03-19,25200,                  28.79,                   1.50,                  14.76,                   0.85,                   1.19
2019-03-20,25150,                  28.73,                   1.50,                  14.73,                   0.85,                   1.19
2019-03-21,24600,                  28.11,                   1.47,                  14.40,                   0.83,                   1.22
2019-03-22,23950,                  64.25,                   1.44,                  18.05,                   0.77,                   1.04
2019-03-25,23400,                  62.78,                   1.41,                  17.63,                   0.75,                   1.07
2019-03-26,23700,                  63.58,                   1.43,                  17.86,                   0.76,                   1.05
2019-03-27,24050,                  64.52,                   1.45,                  18.12,                   0.77,                   1.04
2019-03-28,23850,                  63.99,                   1.44,                  17.97,                   0.76,                   1.05
2019-03-29,24100,                  64.66,                   1.45,                  18.16,                   0.77,                   1.04
2019-04-01,24050,                  64.52,                   1.45,                  18.12,                   0.77,                   1.04
2019-04-02,24200,                  64.92,                   1.46,                  18.24,                   0.77,                   1.03
2019-04-03,25250,                  67.74,                   1.52,                  19.03,                   0.81,                   0.99
2019-04-04,25300,                  67.88,                   1.52,                  19.06,                   0.81,                   0.99
2019-04-05,24950,                  66.94,                   1.50,                  18.80,                   0.80,                   1.00
2019-04-08,24800,                  66.53,                   1.49,                  18.69,                   0.79,                   1.01
2019-04-09,24300,                  65.19,                   1.46,                  18.31,                   0.78,                   1.03
2019-04-10,25200,                  67.61,                   1.52,                  18.99,                   0.81,                   0.99
2019-04-11,25250,                  67.74,                   1.52,                  19.03,                   0.81,                   0.99
2019-04-12,25900,                  69.49,                   1.56,                  19.52,                   0.83,                   0.97
2019-04-15,26200,                  70.29,                   1.58,                  19.74,                   0.84,                   0.95
2019-04-16,26100,                  70.02,                   1.57,                  19.67,                   0.83,                   0.96
2019-04-17,26400,                  70.83,                   1.59,                  19.89,                   0.84,                   0.95
2019-04-18,26450,                  70.96,                   1.59,                  19.93,                   0.85,                   0.95
2019-04-19,25550,                  68.55,                   1.54,                  19.25,                   0.82,                   0.98
2019-04-22,25200,                  67.61,                   1.52,                  18.99,                   0.81,                   0.99
2019-04-23,24650,                  66.13,                   1.48,                  18.57,                   0.79,                   1.01
2019-04-24,24600,                  66.00,                   1.48,                  18.54,                   0.79,                   1.02
2019-04-25,24800,                  66.53,                   1.49,                  18.69,                   0.79,                   1.01
2019-04-26,23850,                  63.99,                   1.44,                  17.97,                   0.76,                   1.05
2019-04-29,24450,                  65.60,                   1.47,                  18.42,                   0.78,                   1.02
2019-04-30,24350,                  65.33,                   1.47,                  18.35,                   0.78,                   1.03
2019-05-02,24650,                  66.13,                   1.48,                  18.57,                   0.79,                   1.01
2019-05-03,24000,                  64.39,                   1.45,                  18.08,                   0.77,                   1.04
2019-05-07,23500,                  63.05,                   1.42,                  17.71,                   0.75,                   1.06
2019-05-08,23500,                  63.05,                   1.42,                  17.71,                   0.75,                   1.06
2019-05-09,22550,                  60.50,                   1.36,                  16.99,                   0.72,                   1.11
2019-05-10,22950,                  61.57,                   1.38,                  17.29,                   0.73,                   1.09
2019-05-13,22450,                  60.23,                   1.35,                  16.92,                   0.72,                   1.11
2019-05-14,22350,                  59.96,                   1.35,                  16.84,                   0.71,                   1.12
2019-05-15,22900,                  61.44,                   1.38,                  17.26,                   0.73,                   1.09
2019-05-16,22350,                  59.96,                   1.35,                  16.84,                   0.71,                   1.12
2019-05-17,21950,                  58.89,                   1.32,                  16.54,                   0.70,                   1.14
2019-05-20,21450,                  57.55,                   1.29,                  16.16,                   0.69,                   1.17
2019-05-21,21500,                  57.68,                   1.29,                  16.20,                   0.69,                   1.16
2019-05-22,21100,                  56.61,                   1.27,                  15.90,                   0.67,                   1.18
2019-05-23,21150,                  56.74,                   1.27,                  15.94,                   0.68,                   1.18
2019-05-24,21650,                  58.08,                   1.30,                  16.31,                   0.69,                   1.15
2019-05-27,21900,                  58.75,                   1.32,                  16.50,                   0.70,                   1.14
2019-05-28,22000,                  59.02,                   1.32,                  16.58,                   0.70,                   1.14
2019-05-29,21750,                  58.35,                   1.31,                  16.39,                   0.70,                   1.15
2019-05-30,21650,                  58.08,                   1.30,                  16.31,                   0.69,                   1.15
2019-05-31,21400,                  57.41,                   1.29,                  16.13,                   0.68,                   1.17
2019-06-03,21500,                  57.68,                   1.29,                  16.20,                   0.69,                   1.16
2019-06-04,21150,                  56.74,                   1.27,                  15.94,                   0.68,                   1.18
2019-06-05,21100,                  56.61,                   1.27,                  15.90,                   0.67,                   1.18
2019-06-07,21450,                  57.55,                   1.29,                  16.16,                   0.69,                   1.17
2019-06-10,22300,                  59.83,                   1.34,                  16.80,                   0.71,                   1.12
2019-06-11,22700,                  60.90,                   1.37,                  17.10,                   0.73,                   1.10
2019-06-12,22500,                  60.36,                   1.36,                  16.95,                   0.72,                   1.11
2019-06-13,23250,                  62.38,                   1.40,                  17.52,                   0.74,                   1.08
2019-06-14,22400,                  60.10,                   1.35,                  16.88,                   0.72,                   1.12
2019-06-17,22550,                  60.50,                   1.36,                  16.99,                   0.72,                   1.11
2019-06-18,22800,                  61.17,                   1.37,                  17.18,                   0.73,                   1.10
2019-06-19,22600,                  60.63,                   1.36,                  17.03,                   0.72,                   1.11
2019-06-20,22700,                  60.90,                   1.37,                  17.10,                   0.73,                   1.10
2019-06-21,22250,                  59.69,                   1.34,                  16.77,                   0.71,                   1.12
2019-06-24,21950,                  58.89,                   1.32,                  16.54,                   0.70,                   1.14
2019-06-25,21950,                  58.89,                   1.32,                  16.54,                   0.70,                   1.14
2019-06-26,21950,                  58.89,                   1.32,                  16.54,                   0.70,                   1.14
2019-06-27,22050,                  59.16,                   1.33,                  16.62,                   0.71,                   1.13
2019-06-28,21700,                  58.22,                   1.31,                  16.35,                   0.69,                   1.15
2019-07-01,21900,                  58.75,                   1.32,                  16.50,                   0.70,                   1.14
2019-07-02,21900,                  58.75,                   1.32,                  16.50,                   0.70,                   1.14
2019-07-03,22050,                  59.16,                   1.33,                  16.62,                   0.71,                   1.13
2019-07-04,22100,                  59.29,                   1.33,                  16.65,                   0.71,                   1.13
2019-07-05,22600,                  60.63,                   1.36,                  17.03,                   0.72,                   1.11
2019-07-08,21950,                  58.89,                   1.32,                  16.54,                   0.70,                   1.14
2019-07-09,21750,                  58.35,                   1.31,                  16.39,                   0.70,                   1.15
2019-07-10,21900,                  58.75,                   1.32,                  16.50,                   0.70,                   1.14
2019-07-11,23000,                  61.71,                   1.39,                  17.33,                   0.74,                   1.09
2019-07-12,22450,                  60.23,                   1.35,                  16.92,                   0.72,                   1.11
2019-07-15,21950,                  58.89,                   1.32,                  16.54,                   0.70,                   1.14
2019-07-16,22200,                  59.56,                   1.34,                  16.73,                   0.71,                   1.13
2019-07-17,21800,                  58.49,                   1.31,                  16.43,                   0.70,                   1.15
2019-07-18,21500,                  57.68,                   1.29,                  16.20,                   0.69,                   1.16
2019-07-19,22700,                  60.90,                   1.37,                  17.10,                   0.73,                   1.10
2019-07-22,22000,                  59.02,                   1.32,                  16.58,                   0.70,                   1.14
2019-07-23,22350,                  59.96,                   1.35,                  16.84,                   0.71,                   1.12
2019-07-24,22200,                  59.56,                   1.34,                  16.73,                   0.71,                   1.13
2019-07-25,20850,                  55.94,                   1.26,                  15.71,                   0.67,                   1.20
2019-07-26,20500,                  55.00,                   1.23,                  15.45,                   0.66,                   1.22
2019-07-29,19450,                  52.18,                   1.17,                  14.66,                   0.62,                   1.29
2019-07-30,19650,                  52.72,                   1.18,                  14.81,                   0.63,                   1.27
2019-07-31,19600,                  52.58,                   1.18,                  14.77,                   0.63,                   1.28
2019-08-01,19500,                  52.32,                   1.17,                  14.69,                   0.62,                   1.28
2019-08-02,19250,                  51.64,                   1.16,                  14.51,                   0.62,                   1.30
2019-08-05,18200,                  48.83,                   1.10,                  13.71,                   0.58,                   1.37
2019-08-06,18150,                  48.69,                   1.09,                  13.68,                   0.58,                   1.38
2019-08-07,18250,                  48.96,                   1.10,                  13.75,                   0.58,                   1.37
2019-08-08,18900,                  50.71,                   1.14,                  14.24,                   0.60,                   1.32
2019-08-09,19000,                  50.97,                   1.14,                  14.32,                   0.61,                   1.32
2019-08-12,18800,                  50.44,                   1.13,                  14.17,                   0.60,                   1.33
2019-08-13,18450,                  49.50,                   1.11,                  13.90,                   0.59,                   1.36
2019-08-14,18550,                  49.77,                   1.12,                  13.98,                   0.59,                   1.35
2019-08-16,17750,                  47.62,                   1.07,                  13.38,                   0.57,                   1.41
2019-08-19,18300,                  49.10,                   1.10,                  13.79,                   0.59,                   1.37
2019-08-20,18650,                  50.03,                   1.12,                  14.05,                   0.60,                   1.34
2019-08-21,19000,                  50.97,                   1.14,                  14.32,                   0.61,                   1.32
2019-08-22,18950,                  50.84,                   1.14,                  14.28,                   0.61,                   1.32
2019-08-23,19050,                  51.11,                   1.15,                  14.35,                   0.61,                   1.31
2019-08-26,18650,                  50.03,                   1.12,                  14.05,                   0.60,                   1.34
2019-08-27,18450,                  49.50,                   1.11,                  13.90,                   0.59,                   1.36
2019-08-28,18800,                  50.44,                   1.13,                  14.17,                   0.60,                   1.33
2019-08-29,18650,                  50.03,                   1.12,                  14.05,                   0.60,                   1.34
2019-08-30,18500,                  49.63,                   1.11,                  13.94,                   0.59,                   1.35
2019-09-02,18800,                  50.44,                   1.13,                  14.17,                   0.60,                   1.33
2019-09-03,19100,                  51.24,                   1.15,                  14.39,                   0.61,                   1.31
2019-09-04,19250,                  51.64,                   1.16,                  14.51,                   0.62,                   1.30
2019-09-05,18800,                  50.44,                   1.13,                  14.17,                   0.60,                   1.33
2019-09-06,18700,                  50.17,                   1.13,                  14.09,                   0.60,                   1.34
2019-09-09,18850,                  50.57,                   1.14,                  14.20,                   0.60,                   1.33
2019-09-10,19250,                  51.64,                   1.16,                  14.51,                   0.62,                   1.30
2019-09-11,19300,                  51.78,                   1.16,                  14.54,                   0.62,                   1.30
2019-09-16,19650,                  52.72,                   1.18,                  14.81,                   0.63,                   1.27
2019-09-17,21150,                  56.74,                   1.27,                  15.94,                   0.68,                   1.18
2019-09-18,21550,                  57.82,                   1.30,                  16.24,                   0.69,                   1.16
2019-09-19,21100,                  56.61,                   1.27,                  15.90,                   0.67,                   1.18
2019-09-20,21400,                  57.41,                   1.29,                  16.13,                   0.68,                   1.17
2019-09-23,21300,                  57.14,                   1.28,                  16.05,                   0.68,                   1.17
2019-09-24,21250,                  57.01,                   1.28,                  16.01,                   0.68,                   1.18
2019-09-25,21000,                  56.34,                   1.26,                  15.82,                   0.67,                   1.19
2019-09-26,20800,                  55.80,                   1.25,                  15.67,                   0.67,                   1.20
2019-09-27,20400,                  54.73,                   1.23,                  15.37,                   0.65,                   1.23
2019-09-30,20850,                  55.94,                   1.26,                  15.71,                   0.67,                   1.20
2019-10-01,20800,                  55.80,                   1.25,                  15.67,                   0.67,                   1.20
2019-10-02,20400,                  54.73,                   1.23,                  15.37,                   0.65,                   1.23
2019-10-04,19750,                  52.99,                   1.19,                  14.88,                   0.63,                   1.27
2019-10-07,20050,                  53.79,                   1.21,                  15.11,                   0.64,                   1.25
2019-10-08,19850,                  53.25,                   1.20,                  14.96,                   0.63,                   1.26
2019-10-10,19550,                  52.45,                   1.18,                  14.73,                   0.63,                   1.28
2019-10-11,19900,                  53.39,                   1.20,                  15.00,                   0.64,                   1.26
2019-10-14,20100,                  53.92,                   1.21,                  15.15,                   0.64,                   1.24
2019-10-15,20200,                  54.19,                   1.22,                  15.22,                   0.65,                   1.24
2019-10-16,20450,                  54.86,                   1.23,                  15.41,                   0.65,                   1.22
2019-10-17,20500,                  55.00,                   1.23,                  15.45,                   0.66,                   1.22
2019-10-18,20350,                  54.60,                   1.23,                  15.33,                   0.65,                   1.23
2019-10-21,19950,                  53.52,                   1.20,                  15.03,                   0.64,                   1.25
2019-10-22,20500,                  55.00,                   1.23,                  15.45,                   0.66,                   1.22
2019-10-23,20550,                  55.13,                   1.24,                  15.48,                   0.66,                   1.22
2019-10-24,20150,                  54.06,                   1.21,                  15.18,                   0.64,                   1.24
2019-10-25,20050,                  53.79,                   1.21,                  15.11,                   0.64,                   1.25
2019-10-28,19900,                  53.39,                   1.20,                  15.00,                   0.64,                   1.26
2019-10-29,20000,                  53.66,                   1.20,                  15.07,                   0.64,                   1.25
2019-10-30,20000,                  53.66,                   1.20,                  15.07,                   0.64,                   1.25
2019-10-31,20800,                  55.80,                   1.25,                  15.67,                   0.67,                   1.20
2019-11-01,20900,                  56.07,                   1.26,                  15.75,                   0.67,                   1.20
2019-11-04,21000,                  56.34,                   1.26,                  15.82,                   0.67,                   1.19
2019-11-05,20900,                  56.07,                   1.26,                  15.75,                   0.67,                   1.20
2019-11-06,20850,                  55.94,                   1.26,                  15.71,                   0.67,                   1.20
2019-11-07,21100,                  56.61,                   1.27,                  15.90,                   0.67,                   1.18
2019-11-08,20950,                  56.21,                   1.26,                  15.79,                   0.67,                   1.19
2019-11-11,21000,                  56.34,                   1.26,                  15.82,                   0.67,                   1.19
2019-11-12,20900,                  56.07,                   1.26,                  15.75,                   0.67,                   1.20
2019-11-13,20350,                  54.60,                   1.23,                  15.33,                   0.65,                   1.23
2019-11-14,20700,                  55.53,                   1.25,                  15.60,                   0.66,                   1.21
2019-11-15,21150,                  56.74,                   1.27,                  15.94,                   0.68,                   1.18
2019-11-18,21050,                  56.47,                   1.27,                  15.86,                   0.67,                   1.19
2019-11-19,21000,                  56.34,                   1.26,                  15.82,                   0.67,                   1.19
2019-11-20,21000,                  56.34,                   1.26,                  15.82,                   0.67,                   1.19
2019-11-21,20900,                  56.07,                   1.26,                  15.75,                   0.67,                   1.20
2019-11-22,21150,                  56.74,                   1.27,                  15.94,                   0.68,                   1.18
2019-11-25,21350,                  57.28,                   1.29,                  16.09,                   0.68,                   1.17
2019-11-26,21050,                  56.47,                   1.27,                  15.86,                   0.67,                   1.19
2019-11-27,21750,                  58.35,                   1.31,                  16.39,                   0.70,                   1.15
2019-11-28,21950,                  58.89,                   1.32,                  16.54,                   0.70,                   1.14
2019-11-29,21700,                  58.22,                   1.31,                  16.35,                   0.69,                   1.15
2019-12-02,21750,                  58.35,                   1.31,                  16.39,                   0.70,                   1.15
2019-12-03,21600,                  57.95,                   1.30,                  16.28,                   0.69,                   1.16
2019-12-04,21200,                  56.88,                   1.28,                  15.97,                   0.68,                   1.18
2019-12-05,20950,                  56.21,                   1.26,                  15.79,                   0.67,                   1.19
2019-12-06,21200,                  56.88,                   1.28,                  15.97,                   0.68,                   1.18
2019-12-09,21150,                  56.74,                   1.27,                  15.94,                   0.68,                   1.18
2019-12-10,21550,                  57.82,                   1.30,                  16.24,                   0.69,                   1.16
2019-12-11,21900,                  58.75,                   1.32,                  16.50,                   0.70,                   1.14
2019-12-12,22000,                  59.02,                   1.32,                  16.58,                   0.70,                   1.14
2019-12-13,22050,                  59.16,                   1.33,                  16.62,                   0.71,                   1.13
2019-12-16,22100,                  59.29,                   1.33,                  16.65,                   0.71,                   1.13
2019-12-17,21700,                  58.22,                   1.31,                  16.35,                   0.69,                   1.15
2019-12-18,21200,                  56.88,                   1.28,                  15.97,                   0.68,                   1.18
2019-12-19,21400,                  57.41,                   1.29,                  16.13,                   0.68,                   1.17
2019-12-20,21650,                  58.08,                   1.30,                  16.31,                   0.69,                   1.15
2019-12-23,21550,                  57.82,                   1.30,                  16.24,                   0.69,                   1.16
2019-12-24,21250,                  57.01,                   1.28,                  16.01,                   0.68,                   1.18
2019-12-26,22250,                  59.69,                   1.34,                  16.77,                   0.71,                   1.12
2019-12-27,21900,                  58.75,                   1.32,                  16.50,                   0.70,                   1.14
2019-12-30,22250,                  59.69,                   1.34,                  16.77,                   0.71,                   1.12
2020-01-02,21800,                  58.49,                   1.31,                  16.43,                   0.70,                   1.15
2020-01-03,21500,                  57.68,                   1.29,                  16.20,                   0.69,                   1.16
2020-01-06,21100,                  56.61,                   1.27,                  15.90,                   0.67,                   1.18
2020-01-07,21650,                  58.08,                   1.30,                  16.31,                   0.69,                   1.15
2020-01-08,20550,                  55.13,                   1.24,                  15.48,                   0.66,                   1.22
2020-01-09,20750,                  55.67,                   1.25,                  15.64,                   0.66,                   1.20
2020-01-10,20700,                  55.53,                   1.25,                  15.60,                   0.66,                   1.21
2020-01-13,20600,                  55.27,                   1.24,                  15.52,                   0.66,                   1.21
2020-01-14,20900,                  56.07,                   1.26,                  15.75,                   0.67,                   1.20
2020-01-15,20900,                  56.07,                   1.26,                  15.75,                   0.67,                   1.20
2020-01-16,20600,                  55.27,                   1.24,                  15.52,                   0.66,                   1.21
2020-01-17,20350,                  54.60,                   1.23,                  15.33,                   0.65,                   1.23
2020-01-20,20350,                  54.60,                   1.23,                  15.33,                   0.65,                   1.23
2020-01-21,20450,                  54.86,                   1.23,                  15.41,                   0.65,                   1.22
2020-01-22,21100,                  56.61,                   1.27,                  15.90,                   0.67,                   1.18
2020-01-23,21100,                  56.61,                   1.27,                  15.90,                   0.67,                   1.18
2020-01-28,21650,                  58.08,                   1.30,                  16.31,                   0.69,                   1.15
2020-01-29,21000,                  56.34,                   1.26,                  15.82,                   0.67,                   1.19
2020-01-30,20950,                  56.21,                   1.26,                  15.79,                   0.67,                   1.19
2020-01-31,20450,                  54.86,                   1.23,                  15.41,                   0.65,                   1.22
2020-02-03,19700,                  52.85,                   1.19,                  14.84,                   0.63,                   1.27
2020-02-04,19600,                  52.58,                   1.18,                  14.77,                   0.63,                   1.28
2020-02-05,19500,                  52.32,                   1.17,                  14.69,                   0.62,                   1.28
2020-02-06,19950,                  53.52,                   1.20,                  15.03,                   0.64,                   1.25
2020-02-07,19800,                  53.12,                   1.19,                  14.92,                   0.63,                   1.26
2020-02-10,20000,                  53.66,                   1.20,                  15.07,                   0.64,                   1.25
2020-02-11,20350,                  54.60,                   1.23,                  15.33,                   0.65,                   1.23
2020-02-12,20300,                  54.46,                   1.22,                  15.30,                   0.65,                   1.23
2020-02-13,20200,                  54.19,                   1.22,                  15.22,                   0.65,                   1.24
2020-02-14,20300,                  54.46,                   1.22,                  15.30,                   0.65,                   1.23
2020-02-17,20300,                  54.46,                   1.22,                  15.30,                   0.65,                   1.23
2020-02-18,19850,                  53.25,                   1.20,                  14.96,                   0.63,                   1.26
2020-02-19,19850,                  53.25,                   1.20,                  14.96,                   0.63,                   1.26
2020-02-20,19150,                  51.38,                   1.15,                  14.43,                   0.61,                   1.31
2020-02-21,18600,                  49.90,                   1.12,                  14.02,                   0.60,                   1.34
2020-02-24,17700,                  47.49,                   1.07,                  13.34,                   0.57,                   1.41
2020-02-25,17950,                  48.16,                   1.08,                  13.53,                   0.57,                   1.39
2020-02-26,17950,                  48.16,                   1.08,                  13.53,                   0.57,                   1.39
2020-02-27,18100,                  48.56,                   1.09,                  13.64,                   0.58,                   1.38
2020-02-28,17550,                  47.08,                   1.06,                  13.22,                   0.56,                   1.42
2020-03-02,17900,                  48.02,                   1.08,                  13.49,                   0.57,                   1.40
2020-03-03,17950,                  48.16,                   1.08,                  13.53,                   0.57,                   1.39
2020-03-04,18300,                  49.10,                   1.10,                  13.79,                   0.59,                   1.37
2020-03-05,18550,                  49.77,                   1.12,                  13.98,                   0.59,                   1.35
2020-03-06,18400,                  49.36,                   1.11,                  13.86,                   0.59,                   1.36
2020-03-09,18600,                  49.90,                   1.12,                  14.02,                   0.60,                   1.34
2020-03-10,18400,                  49.36,                   1.11,                  13.86,                   0.59,                   1.36
2020-03-11,17850,                  47.89,                   1.08,                  13.45,                   0.57,                   1.40
2020-03-12,17100,                  45.88,                   1.03,                  12.89,                   0.55,                   1.46
2020-03-13,16700,                  44.80,                   1.01,                  12.58,                   0.53,                   1.50
2020-03-16,16750,                  44.94,                   1.01,                  12.62,                   0.54,                   1.49
2020-03-17,17050,                  45.74,                   1.03,                  12.85,                   0.55,                   1.47
2020-03-18,16700,                  44.80,                   1.01,                  12.58,                   0.53,                   1.50
2020-03-19,14900,                  39.97,                   0.90,                  11.23,                   0.48,                   1.68
2020-03-20,17500,                  46.95,                   1.05,                  13.19,                   0.56,                   1.43
2020-03-23,15850,                  42.52,                   0.95,                  11.94,                   0.51,                   1.58
2020-03-24,16550,                  44.40,                   1.00,                  12.47,                   0.53,                   1.51
2020-03-25,17000,                  45.61,                   1.02,                  12.81,                   0.54,                   1.47
2020-03-26,17200,                 288.16,                   1.03,                  14.23,                   0.56,                   1.89
2020-03-27,17750,                 297.37,                   1.06,                  14.68,                   0.58,                   1.83
2020-03-30,18550,                 310.77,                   1.11,                  15.34,                   0.60,                   1.75
2020-03-31,19950,                 334.23,                   1.19,                  16.50,                   0.65,                   1.63
2020-04-01,21000,                 351.82,                   1.25,                  17.37,                   0.68,                   1.55
2020-04-02,22100,                 370.25,                   1.32,                  18.28,                   0.72,                   1.47
2020-04-03,21300,                 356.84,                   1.27,                  17.62,                   0.69,                   1.53
2020-04-06,22150,                 371.08,                   1.32,                  18.32,                   0.72,                   1.47
2020-04-07,24700,                 413.80,                   1.47,                  20.43,                   0.80,                   1.32
2020-04-08,23100,                 387.00,                   1.38,                  19.11,                   0.75,                   1.41
2020-04-09,23000,                 385.32,                   1.37,                  19.02,                   0.75,                   1.41
2020-04-10,22800,                 381.97,                   1.36,                  18.86,                   0.74,                   1.43
2020-04-13,22300,                 373.60,                   1.33,                  18.44,                   0.72,                   1.46
2020-04-14,21900,                 366.90,                   1.31,                  18.11,                   0.71,                   1.48
2020-04-16,21250,                 356.01,                   1.27,                  17.58,                   0.69,                   1.53
2020-04-17,21250,                 356.01,                   1.27,                  17.58,                   0.69,                   1.53
2020-04-20,21350,                 357.68,                   1.27,                  17.66,                   0.69,                   1.52
2020-04-21,20550,                 344.28,                   1.22,                  17.00,                   0.67,                   1.58
2020-04-22,20650,                 345.95,                   1.23,                  17.08,                   0.67,                   1.57
2020-04-23,20900,                 350.14,                   1.25,                  17.29,                   0.68,                   1.56
2020-04-24,21400,                 358.52,                   1.28,                  17.70,                   0.70,                   1.52
2020-04-27,21400,                 358.52,                   1.28,                  17.70,                   0.70,                   1.52
2020-04-28,21050,                 352.66,                   1.25,                  17.41,                   0.68,                   1.54
2020-04-29,21050,                 352.66,                   1.25,                  17.41,                   0.68,                   1.54
2020-05-04,20250,                 339.25,                   1.21,                  16.75,                   0.66,                   1.60
2020-05-06,21000,                 351.82,                   1.25,                  17.37,                   0.68,                   1.55
2020-05-07,20950,                 350.98,                   1.25,                  17.33,                   0.68,                   1.55
2020-05-08,21500,                 360.19,                   1.28,                  17.78,                   0.70,                   1.51
2020-05-11,23000,                 385.32,                   1.37,                  19.02,                   0.75,                   1.41
2020-05-12,22850,                 382.81,                   1.36,                  18.90,                   0.74,                   1.42
2020-05-13,23300,                 390.35,                   1.39,                  19.27,                   0.76,                   1.39
2020-05-14,23100,                 387.00,                   1.38,                  19.11,                   0.75,                   1.41
2020-05-15,23750,                 397.89,                   1.42,                  19.64,                   0.77,                   1.37
2020-05-18,23800,                 398.73,                   1.42,                  19.69,                   0.77,                   1.37
2020-05-19,23000,                 385.32,                   1.37,                  19.02,                   0.75,                   1.41
2020-05-20,22500,                 376.95,                   1.34,                  18.61,                   0.73,                   1.44
2020-05-21,22800,                 381.97,                   1.36,                  18.86,                   0.74,                   1.43
2020-05-22,22500,                 376.95,                   1.34,                  18.61,                   0.73,                   1.44
2020-05-25,22500,                 376.95,                   1.34,                  18.61,                   0.73,                   1.44
2020-05-26,22750,                 381.14,                   1.36,                  18.82,                   0.74,                   1.43
2020-05-27,23350,                 391.19,                   1.39,                  19.31,                   0.76,                   1.39
2020-05-28,22750,                 381.14,                   1.36,                  18.82,                   0.74,                   1.43
2020-05-29,21400,                 358.52,                   1.28,                  17.70,                   0.70,                   1.52
2020-06-01,22100,                 370.25,                   1.32,                  18.28,                   0.72,                   1.47
2020-06-02,22850,                 382.81,                   1.36,                  18.90,                   0.74,                   1.42
2020-06-03,22550,                 377.79,                   1.34,                  18.65,                   0.73,                   1.44
2020-06-04,22500,                 376.95,                   1.34,                  18.61,                   0.73,                   1.44
2020-06-05,22950,                 384.49,                   1.37,                  18.98,                   0.75,                   1.42
2020-06-08,22700,                 380.30,                   1.35,                  18.78,                   0.74,                   1.43
2020-06-09,23750,                 397.89,                   1.42,                  19.64,                   0.77,                   1.37
2020-06-10,24050,                 402.92,                   1.43,                  19.89,                   0.78,                   1.35
2020-06-11,24250,                 406.27,                   1.45,                  20.06,                   0.79,                   1.34
2020-06-12,24100,                 403.75,                   1.44,                  19.93,                   0.78,                   1.35
2020-06-15,22700,                 380.30,                   1.35,                  18.78,                   0.74,                   1.43
2020-06-16,24250,                 406.27,                   1.45,                  20.06,                   0.79,                   1.34
2020-06-17,24350,                 407.94,                   1.45,                  20.14,                   0.79,                   1.33
2020-06-18,24900,                 417.16,                   1.48,                  20.59,                   0.81,                   1.31
2020-06-19,24000,                 402.08,                   1.43,                  19.85,                   0.78,                   1.35
2020-06-22,24500,                 410.45,                   1.46,                  20.26,                   0.80,                   1.33
2020-06-23,24400,                 408.78,                   1.45,                  20.18,                   0.79,                   1.33
2020-06-24,24300,                 407.10,                   1.45,                  20.10,                   0.79,                   1.34
2020-06-25,24200,                 405.43,                   1.44,                  20.02,                   0.79,                   1.34
2020-06-26,23950,                 401.24,                   1.43,                  19.81,                   0.78,                   1.36
2020-06-29,23950,                 401.24,                   1.43,                  19.81,                   0.78,                   1.36
2020-06-30,24000,                 402.08,                   1.43,                  19.85,                   0.78,                   1.35
2020-07-01,24000,                 402.08,                   1.43,                  19.85,                   0.78,                   1.35
2020-07-02,24200,                 405.43,                   1.44,                  20.02,                   0.79,                   1.34
2020-07-03,24050,                 402.92,                   1.43,                  19.89,                   0.78,                   1.35
2020-07-06,24350,                 407.94,                   1.45,                  20.14,                   0.79,                   1.33
2020-07-07,24100,                 403.75,                   1.44,                  19.93,                   0.78,                   1.35
2020-07-08,23300,                 390.35,                   1.39,                  19.27,                   0.76,                   1.39
2020-07-09,23300,                 390.35,                   1.39,                  19.27,                   0.76,                   1.39
2020-07-10,23450,                 392.86,                   1.40,                  19.40,                   0.76,                   1.39
2020-07-13,25500,                 427.21,                   1.52,                  21.09,                   0.83,                   1.27
2020-07-14,25150,                 421.34,                   1.50,                  20.80,                   0.82,                   1.29
2020-07-15,24300,                 407.10,                   1.45,                  20.10,                   0.79,                   1.34
2020-07-16,24250,                 406.27,                   1.45,                  20.06,                   0.79,                   1.34
2020-07-17,24200,                 405.43,                   1.44,                  20.02,                   0.79,                   1.34
2020-07-20,26650,                 446.47,                   1.59,                  22.04,                   0.87,                   1.22
2020-07-21,26850,                 449.82,                   1.60,                  22.21,                   0.87,                   1.21
2020-07-22,28100,                 470.77,                   1.68,                  23.24,                   0.91,                   1.16
2020-07-23,26900,                 450.66,                   1.60,                  22.25,                   0.87,                   1.21
2020-07-24,26650,                 446.47,                   1.59,                  22.04,                   0.87,                   1.22
2020-07-27,26950,                 451.50,                   1.61,                  22.29,                   0.88,                   1.21
2020-07-28,27050,                 453.17,                   1.61,                  22.37,                   0.88,                   1.20
2020-07-29,27100,                 454.01,                   1.62,                  22.41,                   0.88,                   1.20
2020-07-30,26850,                 449.82,                   1.60,                  22.21,                   0.87,                   1.21
2020-07-31,26450,                 443.12,                   1.58,                  21.88,                   0.86,                   1.23
2020-08-03,26950,                 451.50,                   1.61,                  22.29,                   0.88,                   1.21
2020-08-04,27300,                 457.36,                   1.63,                  22.58,                   0.89,                   1.19
2020-08-05,31300,                 524.38,                   1.87,                  25.89,                   1.02,                   1.04
2020-08-06,29850,                 500.08,                   1.78,                  24.69,                   0.97,                   1.09
2020-08-07,30300,                 507.62,                   1.81,                  25.06,                   0.98,                   1.07
2020-08-10,30000,                 502.60,                   1.79,                  24.81,                   0.97,                   1.08
2020-08-11,30150,                 505.11,                   1.80,                  24.94,                   0.98,                   1.08
2020-08-12,29200,                 489.19,                   1.74,                  24.15,                   0.95,                   1.11
2020-08-13,28450,                 476.63,                   1.70,                  23.53,                   0.92,                   1.14
2020-08-14,28950,                 485.01,                   1.73,                  23.94,                   0.94,                   1.12
2020-08-18,27550,                 461.55,                   1.64,                  22.79,                   0.90,                   1.18
2020-08-19,28950,                 485.01,                   1.73,                  23.94,                   0.94,                   1.12
2020-08-20,27800,                 465.74,                   1.66,                  22.99,                   0.90,                   1.17
2020-08-21,27250,                 456.53,                   1.62,                  22.54,                   0.89,                   1.19
2020-08-24,27550,                 461.55,                   1.64,                  22.79,                   0.90,                   1.18
2020-08-25,27600,                 462.39,                   1.65,                  22.83,                   0.90,                   1.18
2020-08-26,27150,                 454.85,                   1.62,                  22.46,                   0.88,                   1.20
2020-08-27,26600,                 445.64,                   1.59,                  22.00,                   0.86,                   1.22
2020-08-28,27000,                 452.34,                   1.61,                  22.33,                   0.88,                   1.20
2020-08-31,27500,                 460.71,                   1.64,                  22.75,                   0.89,                   1.18
2020-09-01,27350,                 458.20,                   1.63,                  22.62,                   0.89,                   1.19
2020-09-02,26950,                 451.50,                   1.61,                  22.29,                   0.88,                   1.21
2020-09-03,26750,                 448.15,                   1.59,                  22.12,                   0.87,                   1.21
2020-09-04,26100,                 437.26,                   1.56,                  21.59,                   0.85,                   1.25
2020-09-07,26700,                 447.31,                   1.59,                  22.08,                   0.87,                   1.22
2020-09-08,29050,                 486.68,                   1.73,                  24.03,                   0.94,                   1.12
2020-09-09,26850,                 449.82,                   1.60,                  22.21,                   0.87,                   1.21
2020-09-10,26500,                 443.96,                   1.58,                  21.92,                   0.86,                   1.23
2020-09-11,26450,                 443.12,                   1.58,                  21.88,                   0.86,                   1.23
2020-09-14,26500,                 443.96,                   1.58,                  21.92,                   0.86,                   1.23
2020-09-15,26800,                 448.99,                   1.60,                  22.17,                   0.87,                   1.21
2020-09-16,26450,                 443.12,                   1.58,                  21.88,                   0.86,                   1.23
2020-09-17,25900,                 433.91,                   1.54,                  21.42,                   0.84,                   1.25
2020-09-18,25500,                 427.21,                   1.52,                  21.09,                   0.83,                   1.27
2020-09-21,25350,                 424.69,                   1.51,                  20.97,                   0.82,                   1.28
2020-09-22,24050,                 402.92,                   1.43,                  19.89,                   0.78,                   1.35
2020-09-23,23500,                 393.70,                   1.40,                  19.44,                   0.76,                   1.38
2020-09-24,22350,                 374.43,                   1.33,                  18.49,                   0.73,                   1.45
2020-09-25,22250,                 372.76,                   1.33,                  18.40,                   0.72,                   1.46
2020-09-28,22900,                 383.65,                   1.37,                  18.94,                   0.74,                   1.42
2020-09-29,23300,                 390.35,                   1.39,                  19.27,                   0.76,                   1.39
2020-10-05,23250,                 389.51,                   1.39,                  19.23,                   0.76,                   1.40
2020-10-06,23250,                 389.51,                   1.39,                  19.23,                   0.76,                   1.40
2020-10-07,23550,                 394.54,                   1.40,                  19.48,                   0.77,                   1.38
2020-10-08,23250,                 389.51,                   1.39,                  19.23,                   0.76,                   1.40
2020-10-12,23250,                 389.51,                   1.39,                  19.23,                   0.76,                   1.40
2020-10-13,22650,                 379.46,                   1.35,                  18.73,                   0.74,                   1.43
2020-10-14,22700,                 380.30,                   1.35,                  18.78,                   0.74,                   1.43
2020-10-15,22350,                 374.43,                   1.33,                  18.49,                   0.73,                   1.45
2020-10-16,22000,                 368.57,                   1.31,                  18.20,                   0.71,                   1.48
2020-10-19,22100,                 370.25,                   1.32,                  18.28,                   0.72,                   1.47
2020-10-20,22100,                 370.25,                   1.32,                  18.28,                   0.72,                   1.47
2020-10-21,22050,                 369.41,                   1.31,                  18.24,                   0.72,                   1.47
2020-10-22,22250,                 372.76,                   1.33,                  18.40,                   0.72,                   1.46
2020-10-23,23350,                 391.19,                   1.39,                  19.31,                   0.76,                   1.39
2020-10-26,23000,                 385.32,                   1.37,                  19.02,                   0.75,                   1.41
2020-10-27,22300,                 373.60,                   1.33,                  18.44,                   0.72,                   1.46
2020-10-28,22400,                 375.27,                   1.34,                  18.53,                   0.73,                   1.45
2020-10-29,22450,                 376.11,                   1.34,                  18.57,                   0.73,                   1.45
2020-10-30,22500,                 376.95,                   1.34,                  18.61,                   0.73,                   1.44
2020-11-02,23550,                 394.54,                   1.40,                  19.48,                   0.77,                   1.38
2020-11-03,26950,                 451.50,                   1.61,                  22.29,                   0.88,                   1.21
2020-11-04,35000,                 586.36,                   2.09,                  28.95,                   1.14,                   0.93
2020-11-05,38400,                 643.32,                   2.29,                  31.76,                   1.25,                   0.85
2020-11-06,37200,                 623.22,                   2.22,                  30.77,                   1.21,                   0.87
2020-11-09,37750,                 632.43,                   2.25,                  31.22,                   1.23,                   0.86
2020-11-10,36800,                 616.52,                   2.19,                  30.44,                   1.20,                   0.88
2020-11-11,37000,                 619.87,                   2.21,                  30.60,                   1.20,                   0.88
2020-11-12,36000,                 603.12,                   2.15,                  29.78,                   1.17,                   0.90
2020-11-13,34800,                 583.01,                   2.07,                  28.78,                   1.13,                   0.93
2020-11-16,34000,                 569.61,                   2.03,                  28.12,                   1.10,                   0.96
2020-11-17,41000,                 686.88,                   2.44,                  33.91,                   1.33,                   0.79
2020-11-18,41600,                 696.93,                   2.48,                  34.41,                   1.35,                   0.78
2020-11-19,39650,                 664.27,                   2.36,                  32.79,                   1.29,                   0.82
2020-11-20,39800,                 666.78,                   2.37,                  32.92,                   1.29,                   0.82
2020-11-23,41550,                 696.10,                   2.48,                  34.37,                   1.35,                   0.78
2020-11-24,40500,                 678.51,                   2.41,                  33.50,                   1.32,                   0.80
2020-11-25,36750,                 615.68,                   2.19,                  30.40,                   1.19,                   0.88
2020-11-26,37100,                 621.54,                   2.21,                  30.69,                   1.21,                   0.88
2020-11-27,36650,                 614.01,                   2.18,                  30.31,                   1.19,                   0.89
2020-11-30,35600,                 596.41,                   2.12,                  29.44,                   1.16,                   0.91
2020-12-01,36000,                 603.12,                   2.15,                  29.78,                   1.17,                   0.90
2020-12-02,36850,                 617.36,                   2.20,                  30.48,                   1.20,                   0.88
2020-12-03,36100,                 604.79,                   2.15,                  29.86,                   1.17,                   0.90
2020-12-04,35550,                 595.58,                   2.12,                  29.40,                   1.16,                   0.91
2020-12-07,37150,                 622.38,                   2.21,                  30.73,                   1.21,                   0.87
2020-12-08,35800,                 599.77,                   2.13,                  29.61,                   1.16,                   0.91
2020-12-09,34900,                 584.69,                   2.08,                  28.87,                   1.13,                   0.93
2020-12-10,35350,                 592.23,                   2.11,                  29.24,                   1.15,                   0.92
2020-12-11,36300,                 608.14,                   2.16,                  30.02,                   1.18,                   0.90
2020-12-14,38500,                 645.00,                   2.29,                  31.84,                   1.25,                   0.84
2020-12-15,37250,                 624.06,                   2.22,                  30.81,                   1.21,                   0.87
2020-12-16,37750,                 632.43,                   2.25,                  31.22,                   1.23,                   0.86
2020-12-17,38100,                 638.30,                   2.27,                  31.51,                   1.24,                   0.85
2020-12-18,36900,                 618.19,                   2.20,                  30.52,                   1.20,                   0.88
2020-12-21,37400,                 626.57,                   2.23,                  30.93,                   1.22,                   0.87
2020-12-22,36550,                 612.33,                   2.18,                  30.23,                   1.19,                   0.89
2020-12-23,34800,                 583.01,                   2.07,                  28.78,                   1.13,                   0.93
2020-12-24,34050,                 570.45,                   2.03,                  28.16,                   1.11,                   0.95
2020-12-28,33150,                 555.37,                   1.98,                  27.42,                   1.08,                   0.98
2020-12-29,35900,                 601.44,                   2.14,                  29.69,                   1.17,                   0.91
2020-12-30,41500,                 695.26,                   2.47,                  34.32,                   1.35,                   0.78
2021-01-04,53600,                 897.97,                   3.20,                  44.33,                   1.74,                   0.61
2021-01-05,49550,                 830.12,                   2.95,                  40.98,                   1.61,                   0.66
2021-01-06,49600,                 830.96,                   2.96,                  41.02,                   1.61,                   0.66
2021-01-07,49750,                 833.47,                   2.97,                  41.15,                   1.62,                   0.65
2021-01-08,47700,                 799.13,                   2.84,                  39.45,                   1.55,                   0.68
2021-01-11,45300,                 758.92,                   2.70,                  37.47,                   1.47,                   0.72
2021-01-12,44250,                 741.33,                   2.64,                  36.60,                   1.44,                   0.73
2021-01-13,43350,                 726.25,                   2.58,                  35.85,                   1.41,                   0.75
2021-01-14,43800,                 733.79,                   2.61,                  36.23,                   1.42,                   0.74
2021-01-15,47200,                 790.75,                   2.81,                  39.04,                   1.53,                   0.69
2021-01-18,43500,                 728.77,                   2.59,                  35.98,                   1.41,                   0.75
2021-01-19,43800,                 733.79,                   2.61,                  36.23,                   1.42,                   0.74
2021-01-20,43400,                 727.09,                   2.59,                  35.90,                   1.41,                   0.75
2021-01-21,42850,                 717.88,                   2.55,                  35.44,                   1.39,                   0.76
2021-01-22,46500,                 779.02,                   2.77,                  38.46,                   1.51,                   0.70
2021-01-25,48850,                 818.40,                   2.91,                  40.40,                   1.59,                   0.67
2021-01-26,49450,                 828.45,                   2.95,                  40.90,                   1.61,                   0.66
2021-01-27,49000,                 820.91,                   2.92,                  40.53,                   1.59,                   0.66
2021-01-28,44850,                 751.38,                   2.67,                  37.10,                   1.46,                   0.72
2021-01-29,44000,                 737.14,                   2.62,                  36.39,                   1.43,                   0.74
2021-02-01,43300,                 725.41,                   2.58,                  35.81,                   1.41,                   0.75
2021-02-02,42850,                 717.88,                   2.55,                  35.44,                   1.39,                   0.76
2021-02-03,43850,                 734.63,                   2.61,                  36.27,                   1.42,                   0.74
2021-02-04,43450,                 727.93,                   2.59,                  35.94,                   1.41,                   0.75
2021-02-05,42600,                 713.69,                   2.54,                  35.23,                   1.38,                   0.76
2021-02-08,42450,                 711.17,                   2.53,                  35.11,                   1.38,                   0.77
2021-02-09,41900,                 701.96,                   2.50,                  34.66,                   1.36,                   0.78
2021-02-10,41850,                 701.12,                   2.49,                  34.61,                   1.36,                   0.78
2021-02-15,41850,                 701.12,                   2.49,                  34.61,                   1.36,                   0.78
2021-02-16,43700,                 732.12,                   2.60,                  36.14,                   1.42,                   0.74
2021-02-17,41600,                 696.93,                   2.48,                  34.41,                   1.35,                   0.78
2021-02-18,39150,                 655.89,                   2.33,                  32.38,                   1.27,                   0.83
2021-02-19,38750,                 649.19,                   2.31,                  32.05,                   1.26,                   0.84
2021-02-22,37550,                 629.08,                   2.24,                  31.06,                   1.22,                   0.87
2021-02-23,36200,                 606.47,                   2.16,                  29.94,                   1.18,                   0.90
2021-02-24,35200,                 589.71,                   2.10,                  29.11,                   1.14,                   0.92
2021-02-25,37000,                 619.87,                   2.21,                  30.60,                   1.20,                   0.88
2021-02-26,37100,                 621.54,                   2.21,                  30.69,                   1.21,                   0.88
2021-03-02,36650,                 614.01,                   2.18,                  30.31,                   1.19,                   0.89
2021-03-03,37400,                 626.57,                   2.23,                  30.93,                   1.22,                   0.87
2021-03-04,37100,                 621.54,                   2.21,                  30.69,                   1.21,                   0.88
2021-03-05,37250,                 624.06,                   2.22,                  30.81,                   1.21,                   0.87
2021-03-08,36050,                 603.95,                   2.15,                  29.82,                   1.17,                   0.90
2021-03-09,34500,                 577.99,                   2.06,                  28.54,                   1.12,                   0.94
2021-03-10,33250,                 557.04,                   1.98,                  27.50,                   1.08,                   0.98
2021-03-11,33700,                 564.58,                   2.01,                  27.87,                   1.09,                   0.96
2021-03-12,34800,                 583.01,                   2.07,                  28.78,                   1.13,                   0.93
2021-03-15,34000,                 569.61,                   2.03,                  28.12,                   1.10,                   0.96
2021-03-16,34950,                 585.53,                   2.08,                  28.91,                   1.14,                   0.93
2021-03-17,36200,                 606.47,                   2.16,                  29.94,                   1.18,                   0.90
2021-03-18,36900,                 618.19,                   2.20,                  30.52,                   1.20,                   0.88
2021-03-19,37050,                  10.74,                   1.96,                   8.20,                   1.07,                   1.35
2021-03-22,37050,                  10.74,                   1.96,                   8.20,                   1.07,                   1.35
2021-03-23,35700,                  10.35,                   1.89,                   7.90,                   1.03,                   1.40
2021-03-24,36650,                  10.62,                   1.94,                   8.11,                   1.06,                   1.36
2021-03-25,35350,                  10.24,                   1.87,                   7.83,                   1.02,                   1.41
2021-03-26,35250,                  10.22,                   1.86,                   7.80,                   1.02,                   1.42
2021-03-29,35600,                  10.32,                   1.88,                   7.88,                   1.03,                   1.40
2021-03-30,35450,                  10.27,                   1.87,                   7.85,                   1.02,                   1.41
2021-03-31,34850,                  10.10,                   1.84,                   7.72,                   1.00,                   1.43
2021-04-01,34700,                  10.06,                   1.83,                   7.68,                   1.00,                   1.44
2021-04-02,34400,                   9.97,                   1.82,                   7.62,                   0.99,                   1.45
2021-04-05,33750,                   9.78,                   1.78,                   7.47,                   0.97,                   1.48
2021-04-06,32550,                   9.43,                   1.72,                   7.21,                   0.94,                   1.54
2021-04-07,32950,                   9.55,                   1.74,                   7.29,                   0.95,                   1.52
2021-04-08,33100,                   9.59,                   1.75,                   7.33,                   0.95,                   1.51
2021-04-09,35750,                  10.36,                   1.89,                   7.91,                   1.03,                   1.40
2021-04-12,37200,                  10.78,                   1.97,                   8.24,                   1.07,                   1.34
2021-04-13,38000,                  11.01,                   2.01,                   8.41,                   1.09,                   1.32
2021-04-14,37850,                  10.97,                   2.00,                   8.38,                   1.09,                   1.32
2021-04-15,40000,                  11.59,                   2.11,                   8.86,                   1.15,                   1.25
2021-04-16,40350,                  11.69,                   2.13,                   8.93,                   1.16,                   1.24
2021-04-19,40750,                  11.81,                   2.15,                   9.02,                   1.17,                   1.23
2021-04-20,40400,                  11.71,                   2.13,                   8.94,                   1.16,                   1.24
2021-04-21,39850,                  11.55,                   2.11,                   8.82,                   1.15,                   1.25
2021-04-22,39550,                  11.46,                   2.09,                   8.76,                   1.14,                   1.26
2021-04-23,39750,                  11.52,                   2.10,                   8.80,                   1.15,                   1.26
2021-04-26,39800,                  11.53,                   2.10,                   8.81,                   1.15,                   1.26
2021-04-27,39900,                  11.56,                   2.11,                   8.83,                   1.15,                   1.25
2021-04-28,38300,                  11.10,                   2.02,                   8.48,                   1.10,                   1.31
2021-04-29,37050,                  10.74,                   1.96,                   8.20,                   1.07,                   1.35
2021-04-30,36600,                  10.61,                   1.93,                   8.10,                   1.05,                   1.37
2021-05-03,36550,                  10.59,                   1.93,                   8.09,                   1.05,                   1.37
2021-05-04,36150,                  10.48,                   1.91,                   8.00,                   1.04,                   1.38
2021-05-06,36850,                  10.68,                   1.95,                   8.16,                   1.06,                   1.36
2021-05-07,37600,                  10.90,                   1.99,                   8.32,                   1.08,                   1.33
2021-05-10,40200,                  11.65,                   2.12,                   8.90,                   1.16,                   1.24
2021-05-11,39800,                  11.53,                   2.10,                   8.81,                   1.15,                   1.26
2021-05-12,38450,                  11.14,                   2.03,                   8.51,                   1.11,                   1.30
2021-05-13,36850,                  10.68,                   1.95,                   8.16,                   1.06,                   1.36
2021-05-14,36600,                  10.61,                   1.93,                   8.10,                   1.05,                   1.37
2021-05-17,38100,                  11.04,                   2.01,                   8.43,                   1.10,                   1.31
2021-05-18,38800,                  11.24,                   2.05,                   8.59,                   1.12,                   1.29
2021-05-20,37700,                  10.93,                   1.99,                   8.35,                   1.09,                   1.33
2021-05-21,37300,                  10.81,                   1.97,                   8.26,                   1.07,                   1.34
2021-05-24,34800,                  10.08,                   1.84,                   7.70,                   1.00,                   1.44
2021-05-25,34500,                  10.00,                   1.82,                   7.64,                   0.99,                   1.45
2021-05-26,34600,                  10.03,                   1.83,                   7.66,                   1.00,                   1.45
2021-05-27,34900,                  10.11,                   1.84,                   7.73,                   1.01,                   1.43
2021-05-28,34650,                  10.04,                   1.83,                   7.67,                   1.00,                   1.44
2021-05-31,34250,                   9.93,                   1.81,                   7.58,                   0.99,                   1.46
2021-06-01,34250,                   9.93,                   1.81,                   7.58,                   0.99,                   1.46
2021-06-02,33300,                   9.65,                   1.76,                   7.37,                   0.96,                   1.50
2021-06-03,33950,                   9.84,                   1.79,                   7.52,                   0.98,                   1.47
2021-06-04,33750,                   9.78,                   1.78,                   7.47,                   0.97,                   1.48
2021-06-07,33750,                   9.78,                   1.78,                   7.47,                   0.97,                   1.48
2021-06-08,33600,                   9.74,                   1.78,                   7.44,                   0.97,                   1.49
2021-06-09,33400,                   9.68,                   1.76,                   7.39,                   0.96,                   1.50
2021-06-10,33750,                   9.78,                   1.78,                   7.47,                   0.97,                   1.48
2021-06-11,34050,                   9.87,                   1.80,                   7.54,                   0.98,                   1.47
2021-06-14,34400,                   9.97,                   1.82,                   7.62,                   0.99,                   1.45
2021-06-15,33750,                   9.78,                   1.78,                   7.47,                   0.97,                   1.48
2021-06-16,33700,                   9.77,                   1.78,                   7.46,                   0.97,                   1.48
2021-06-17,33350,                   9.66,                   1.76,                   7.38,                   0.96,                   1.50
2021-06-18,33400,                   9.68,                   1.76,                   7.39,                   0.96,                   1.50
2021-06-21,33100,                   9.59,                   1.75,                   7.33,                   0.95,                   1.51
2021-06-22,33050,                   9.58,                   1.75,                   7.32,                   0.95,                   1.51
2021-06-23,33650,                   9.75,                   1.78,                   7.45,                   0.97,                   1.49
2021-06-24,33400,                   9.68,                   1.76,                   7.39,                   0.96,                   1.50
2021-06-25,33950,                   9.84,                   1.79,                   7.52,                   0.98,                   1.47
2021-06-28,33700,                   9.77,                   1.78,                   7.46,                   0.97,                   1.48
2021-06-29,34000,                   9.85,                   1.80,                   7.53,                   0.98,                   1.47
2021-06-30,34100,                   9.88,                   1.80,                   7.55,                   0.98,                   1.47
2021-07-01,35250,                  10.22,                   1.86,                   7.80,                   1.02,                   1.42
2021-07-02,34950,                  10.13,                   1.85,                   7.74,                   1.01,                   1.43
2021-07-05,35450,                  10.27,                   1.87,                   7.85,                   1.02,                   1.41
2021-07-06,34900,                  10.11,                   1.84,                   7.73,                   1.01,                   1.43
2021-07-07,34600,                  10.03,                   1.83,                   7.66,                   1.00,                   1.45
2021-07-08,33900,                   9.82,                   1.79,                   7.50,                   0.98,                   1.47
2021-07-09,33350,                   9.66,                   1.76,                   7.38,                   0.96,                   1.50
2021-07-12,34300,                   9.94,                   1.81,                   7.59,                   0.99,                   1.46
2021-07-13,33700,                   9.77,                   1.78,                   7.46,                   0.97,                   1.48
2021-07-14,33850,                   9.81,                   1.79,                   7.49,                   0.98,                   1.48
2021-07-15,33800,                   9.80,                   1.79,                   7.48,                   0.97,                   1.48
2021-07-16,34050,                   9.87,                   1.80,                   7.54,                   0.98,                   1.47
2021-07-19,33650,                   9.75,                   1.78,                   7.45,                   0.97,                   1.49
2021-07-20,33450,                   9.69,                   1.77,                   7.41,                   0.96,                   1.49
2021-07-21,33100,                   9.59,                   1.75,                   7.33,                   0.95,                   1.51
2021-07-22,33100,                   9.59,                   1.75,                   7.33,                   0.95,                   1.51
2021-07-23,33200,                   9.62,                   1.75,                   7.35,                   0.96,                   1.51
2021-07-26,32950,                   9.55,                   1.74,                   7.29,                   0.95,                   1.52
2021-07-27,32350,                   9.37,                   1.71,                   7.16,                   0.93,                   1.55
2021-07-28,31600,                   9.16,                   1.67,                   7.00,                   0.91,                   1.58
2021-07-29,31650,                   9.17,                   1.67,                   7.01,                   0.91,                   1.58
2021-07-30,31500,                   9.13,                   1.66,                   6.97,                   0.91,                   1.59
2021-08-02,31500,                   9.13,                   1.66,                   6.97,                   0.91,                   1.59
2021-08-03,31250,                   9.06,                   1.65,                   6.92,                   0.90,                   1.60
2021-08-04,32250,                   9.35,                   1.70,                   7.14,                   0.93,                   1.55
2021-08-05,32800,                   9.51,                   1.73,                   7.26,                   0.95,                   1.52
2021-08-06,33300,                   9.65,                   1.76,                   7.37,                   0.96,                   1.50
2021-08-09,32450,                   9.40,                   1.71,                   7.18,                   0.94,                   1.54
2021-08-10,32250,                   9.35,                   1.70,                   7.14,                   0.93,                   1.55
2021-08-11,32600,                   9.45,                   1.72,                   7.22,                   0.94,                   1.53
2021-08-12,31900,                   9.24,                   1.69,                   7.06,                   0.92,                   1.57
2021-08-13,31150,                   9.03,                   1.65,                   6.90,                   0.90,                   1.61
2021-08-17,31200,                   9.04,                   1.65,                   6.91,                   0.90,                   1.60
2021-08-18,30900,                   8.95,                   1.63,                   6.84,                   0.89,                   1.62
2021-08-19,30000,                   8.69,                   1.59,                   6.64,                   0.86,                   1.67
2021-08-20,28500,                   8.26,                   1.51,                   6.31,                   0.82,                   1.75
2021-08-23,30400,                   8.81,                   1.61,                   6.73,                   0.88,                   1.64
2021-08-24,31200,                   9.04,                   1.65,                   6.91,                   0.90,                   1.60
2021-08-25,31300,                   9.07,                   1.65,                   6.93,                   0.90,                   1.60
2021-08-26,31950,                   9.26,                   1.69,                   7.07,                   0.92,                   1.56
2021-08-27,33100,                   9.59,                   1.75,                   7.33,                   0.95,                   1.51
2021-08-30,32950,                   9.55,                   1.74,                   7.29,                   0.95,                   1.52
2021-08-31,34650,                  10.04,                   1.83,                   7.67,                   1.00,                   1.44
2021-09-01,33850,                   9.81,                   1.79,                   7.49,                   0.98,                   1.48
2021-09-02,33700,                   9.77,                   1.78,                   7.46,                   0.97,                   1.48
2021-09-03,34350,                   9.95,                   1.82,                   7.60,                   0.99,                   1.46
2021-09-06,34500,                  10.00,                   1.82,                   7.64,                   0.99,                   1.45
2021-09-07,33850,                   9.81,                   1.79,                   7.49,                   0.98,                   1.48
2021-09-08,33150,                   9.61,                   1.75,                   7.34,                   0.96,                   1.51
2021-09-09,33150,                   9.61,                   1.75,                   7.34,                   0.96,                   1.51
2021-09-10,32150,                   9.32,                   1.70,                   7.12,                   0.93,                   1.56
2021-09-13,33750,                   9.78,                   1.78,                   7.47,                   0.97,                   1.48
2021-09-14,32850,                   9.52,                   1.74,                   7.27,                   0.95,                   1.52
2021-09-15,32800,                   9.51,                   1.73,                   7.26,                   0.95,                   1.52
2021-09-16,32650,                   9.46,                   1.73,                   7.23,                   0.94,                   1.53
2021-09-17,32950,                   9.55,                   1.74,                   7.29,                   0.95,                   1.52
2021-09-23,32750,                   9.49,                   1.73,                   7.25,                   0.94,                   1.53
2021-09-24,31950,                   9.26,                   1.69,                   7.07,                   0.92,                   1.56
2021-09-27,32150,                   9.32,                   1.70,                   7.12,                   0.93,                   1.56
2021-09-28,31200,                   9.04,                   1.65,                   6.91,                   0.90,                   1.60
2021-09-29,31950,                   9.26,                   1.69,                   7.07,                   0.92,                   1.56
2021-09-30,31550,                   9.14,                   1.67,                   6.98,                   0.91,                   1.58
2021-10-01,30550,                   8.85,                   1.61,                   6.76,                   0.88,                   1.64
2021-10-05,29300,                   8.49,                   1.55,                   6.49,                   0.84,                   1.71
2021-10-06,27750,                   8.04,                   1.47,                   6.14,                   0.80,                   1.80
2021-10-07,29100,                   8.43,                   1.54,                   6.44,                   0.84,                   1.72
2021-10-08,29250,                   8.48,                   1.55,                   6.48,                   0.84,                   1.71
2021-10-12,28400,                   8.23,                   1.50,                   6.29,                   0.82,                   1.76
2021-10-13,28900,                   8.38,                   1.53,                   6.40,                   0.83,                   1.73
2021-10-14,30050,                   8.71,                   1.59,                   6.65,                   0.87,                   1.66
2021-10-15,30550,                   8.85,                   1.61,                   6.76,                   0.88,                   1.64
2021-10-18,30700,                   8.90,                   1.62,                   6.80,                   0.88,                   1.63
2021-10-19,30400,                   8.81,                   1.61,                   6.73,                   0.88,                   1.64
2021-10-20,29900,                   8.66,                   1.58,                   6.62,                   0.86,                   1.67
2021-10-21,29550,                   8.56,                   1.56,                   6.54,                   0.85,                   1.69
2021-10-22,29750,                   8.62,                   1.57,                   6.59,                   0.86,                   1.68
2021-10-25,29050,                   8.42,                   1.54,                   6.43,                   0.84,                   1.72
2021-10-26,29750,                   8.62,                   1.57,                   6.59,                   0.86,                   1.68
2021-10-27,29500,                   8.55,                   1.56,                   6.53,                   0.85,                   1.69
2021-10-28,29900,                   8.66,                   1.58,                   6.62,                   0.86,                   1.67
2021-10-29,29300,                   8.49,                   1.55,                   6.49,                   0.84,                   1.71
2021-11-01,29800,                   8.64,                   1.57,                   6.60,                   0.86,                   1.68
2021-11-02,29950,                   8.68,                   1.58,                   6.63,                   0.86,                   1.67
2021-11-03,29650,                   8.59,                   1.57,                   6.56,                   0.85,                   1.69
2021-11-04,29400,                   8.52,                   1.55,                   6.51,                   0.85,                   1.70
2021-11-05,29050,                   8.42,                   1.54,                   6.43,                   0.84,                   1.72
2021-11-08,28800,                   8.35,                   1.52,                   6.38,                   0.83,                   1.74
2021-11-09,28750,                   8.33,                   1.52,                   6.36,                   0.83,                   1.74
2021-11-10,28150,                   8.16,                   1.49,                   6.23,                   0.81,                   1.78
2021-11-11,27500,                   7.97,                   1.45,                   6.09,                   0.79,                   1.82
2021-11-12,28050,                   8.13,                   1.48,                   6.21,                   0.81,                   1.78
2021-11-15,28250,                   8.19,                   1.49,                   6.25,                   0.81,                   1.77
2021-11-16,28500,                   8.26,                   1.51,                   6.31,                   0.82,                   1.75
2021-11-17,27700,                   8.03,                   1.46,                   6.13,                   0.80,                   1.81
2021-11-18,27200,                   7.88,                   1.44,                   6.02,                   0.78,                   1.84
2021-11-19,27150,                   7.87,                   1.43,                   6.01,                   0.78,                   1.84
2021-11-22,27250,                   7.90,                   1.44,                   6.03,                   0.79,                   1.83
2021-11-23,26700,                   7.74,                   1.41,                   5.91,                   0.77,                   1.87
2021-11-24,26150,                   7.58,                   1.38,                   5.79,                   0.75,                   1.91
2021-11-25,26550,                   7.69,                   1.40,                   5.88,                   0.77,                   1.88
2021-11-26,26400,                   7.65,                   1.39,                   5.84,                   0.76,                   1.89
2021-11-29,25600,                   7.42,                   1.35,                   5.67,                   0.74,                   1.95
2021-11-30,24600,                   7.13,                   1.30,                   5.45,                   0.71,                   2.03
2021-12-01,25300,                   7.33,                   1.34,                   5.60,                   0.73,                   1.98
2021-12-02,26000,                   7.53,                   1.37,                   5.76,                   0.75,                   1.92
2021-12-03,26550,                   7.69,                   1.40,                   5.88,                   0.77,                   1.88
2021-12-06,26650,                   7.72,                   1.41,                   5.90,                   0.77,                   1.88
2021-12-07,27300,                   7.91,                   1.44,                   6.04,                   0.79,                   1.83
2021-12-08,27600,                   8.00,                   1.46,                   6.11,                   0.80,                   1.81
2021-12-09,27550,                   7.98,                   1.46,                   6.10,                   0.79,                   1.81
2021-12-10,27000,                   7.82,                   1.43,                   5.98,                   0.78,                   1.85
2021-12-13,26600,                   7.71,                   1.41,                   5.89,                   0.77,                   1.88
2021-12-14,26900,                   7.80,                   1.42,                   5.96,                   0.78,                   1.86
2021-12-15,26750,                   7.75,                   1.41,                   5.92,                   0.77,                   1.87
2021-12-16,26950,                   7.81,                   1.42,                   5.97,                   0.78,                   1.86
2021-12-17,27750,                   8.04,                   1.47,                   6.14,                   0.80,                   1.80
2021-12-20,26950,                   7.81,                   1.42,                   5.97,                   0.78,                   1.86
2021-12-21,26200,                   7.59,                   1.38,                   5.80,                   0.75,                   1.91
2021-12-22,26250,                   7.61,                   1.39,                   5.81,                   0.76,                   1.90
2021-12-23,26250,                   7.61,                   1.39,                   5.81,                   0.76,                   1.90
2021-12-24,26250,                   7.61,                   1.39,                   5.81,                   0.76,                   1.90
2021-12-27,27500,                   7.97,                   1.45,                   6.09,                   0.79,                   1.82
2021-12-28,27500,                   7.97,                   1.45,                   6.09,                   0.79,                   1.82
2021-12-29,27400,                   7.94,                   1.45,                   6.07,                   0.79,                   1.82
2021-12-30,27150,                   7.87,                   1.43,                   6.01,                   0.78,                   1.84
2022-01-03,27500,                   7.97,                   1.45,                   6.09,                   0.79,                   1.82
2022-01-04,27150,                   7.87,                   1.43,                   6.01,                   0.78,                   1.84
2022-01-05,26550,                   7.69,                   1.40,                   5.88,                   0.77,                   1.88
2022-01-06,25850,                   7.49,                   1.37,                   5.72,                   0.74,                   1.93
2022-01-07,25750,                   7.46,                   1.36,                   5.70,                   0.74,                   1.94
2022-01-10,25600,                   7.42,                   1.35,                   5.67,                   0.74,                   1.95
2022-01-11,25450,                   7.38,                   1.34,                   5.63,                   0.73,                   1.96
2022-01-12,26150,                   7.58,                   1.38,                   5.79,                   0.75,                   1.91
2022-01-13,25550,                   7.40,                   1.35,                   5.66,                   0.74,                   1.96
2022-01-14,25400,                   7.36,                   1.34,                   5.62,                   0.73,                   1.97
2022-01-17,25950,                   7.52,                   1.37,                   5.74,                   0.75,                   1.93
2022-01-18,24850,                   7.20,                   1.31,                   5.50,                   0.72,                   2.01
2022-01-19,23650,                   6.85,                   1.25,                   5.24,                   0.68,                   2.11
2022-01-20,24550,                   7.11,                   1.30,                   5.43,                   0.71,                   2.04
2022-01-21,24000,                   6.96,                   1.27,                   5.31,                   0.69,                   2.08
2022-01-24,23000,                   6.67,                   1.22,                   5.09,                   0.66,                   2.17
2022-01-25,22200,                   6.43,                   1.17,                   4.91,                   0.64,                   2.25
2022-01-26,21900,                   6.35,                   1.16,                   4.85,                   0.63,                   2.28
2022-01-27,21400,                   6.20,                   1.13,                   4.74,                   0.62,                   2.34
2022-01-28,22050,                   6.39,                   1.17,                   4.88,                   0.64,                   2.27
2022-02-03,23150,                   6.71,                   1.22,                   5.12,                   0.67,                   2.16
2022-02-04,23400,                   6.78,                   1.24,                   5.18,                   0.67,                   2.14
2022-02-07,23750,                   6.88,                   1.25,                   5.26,                   0.68,                   2.11
2022-02-08,24450,                   7.09,                   1.29,                   5.41,                   0.70,                   2.04
2022-02-09,24400,                   7.07,                   1.29,                   5.40,                   0.70,                   2.05
2022-02-10,23950,                   6.94,                   1.27,                   5.30,                   0.69,                   2.09
2022-02-11,23000,                   6.67,                   1.22,                   5.09,                   0.66,                   2.17
2022-02-14,22850,                   6.62,                   1.21,                   5.06,                   0.66,                   2.19
2022-02-15,22050,                   6.39,                   1.17,                   4.88,                   0.64,                   2.27
2022-02-16,24250,                   7.03,                   1.28,                   5.37,                   0.70,                   2.06
2022-02-17,23450,                   6.80,                   1.24,                   5.19,                   0.68,                   2.13
2022-02-18,23750,                   6.88,                   1.25,                   5.26,                   0.68,                   2.11
2022-02-21,24250,                   7.03,                   1.28,                   5.37,                   0.70,                   2.06
2022-02-22,23850,                   6.91,                   1.26,                   5.28,                   0.69,                   2.10
2022-02-23,23700,                   6.87,                   1.25,                   5.25,                   0.68,                   2.11
2022-02-24,22900,                   6.64,                   1.21,                   5.07,                   0.66,                   2.18
2022-02-25,23250,                   6.74,                   1.23,                   5.15,                   0.67,                   2.15
2022-02-28,22300,                   6.46,                   1.18,                   4.94,                   0.64,                   2.24
2022-03-02,22300,                   6.46,                   1.18,                   4.94,                   0.64,                   2.24
2022-03-03,23400,                   6.78,                   1.24,                   5.18,                   0.67,                   2.14
2022-03-04,23150,                   6.71,                   1.22,                   5.12,                   0.67,                   2.16
2022-03-07,22150,                   6.42,                   1.17,                   4.90,                   0.64,                   2.26
2022-03-08,22250,                   6.45,                   1.18,                   4.93,                   0.64,                   2.25
2022-03-10,22750,                   6.59,                   1.20,                   5.04,                   0.66,                   2.20
2022-03-11,22750,                   6.59,                   1.20,                   5.04,                   0.66,                   2.20
2022-03-14,22250,                   6.45,                   1.18,                   4.93,                   0.64,                   2.25
2022-03-15,22550,                   6.53,                   1.19,                   4.99,                   0.65,                   2.22
2022-03-16,22900,                   6.64,                   1.21,                   5.07,                   0.66,                   2.18
2022-03-17,23450,                   6.80,                   1.24,                   5.19,                   0.68,                   2.13
2022-03-18,24250,                   7.03,                   1.28,                   5.37,                   0.70,                   2.06
2022-03-21,23750,                   6.88,                   1.25,                   5.26,                   0.68,                   2.11
2022-03-22,23850,                   6.91,                   1.26,                   5.28,                   0.69,                   2.10
2022-03-23,24350,                  21.83,                   1.16,                  10.25,                   0.66,                   1.64
2022-03-24,24000,                  21.51,                   1.14,                  10.10,                   0.65,                   1.67
2022-03-25,24200,                  21.69,                   1.15,                  10.19,                   0.65,                   1.65
2022-03-28,23900,                  21.42,                   1.13,                  10.06,                   0.64,                   1.67
2022-03-29,24200,                  21.69,                   1.15,                  10.19,                   0.65,                   1.65
2022-03-30,24100,                  21.60,                   1.14,                  10.14,                   0.65,                   1.66
2022-03-31,23900,                  21.42,                   1.13,                  10.06,                   0.64,                   1.67
2022-04-01,23450,                  21.02,                   1.11,                   9.87,                   0.63,                   1.71
2022-04-04,23500,                  21.07,                   1.12,                   9.89,                   0.63,                   1.70
2022-04-05,23650,                  21.20,                   1.12,                   9.95,                   0.64,                   1.69
2022-04-06,23350,                  20.93,                   1.11,                   9.83,                   0.63,                   1.71
2022-04-07,22650,                  20.30,                   1.08,                   9.53,                   0.61,                   1.77
2022-04-08,22750,                  20.39,                   1.08,                   9.57,                   0.61,                   1.76
2022-04-11,22700,                  20.35,                   1.08,                   9.55,                   0.61,                   1.76
2022-04-12,22100,                  19.81,                   1.05,                   9.30,                   0.59,                   1.81
2022-04-13,22450,                  20.12,                   1.07,                   9.45,                   0.60,                   1.78
2022-04-14,22500,                  20.17,                   1.07,                   9.47,                   0.61,                   1.78
2022-04-15,22250,                  19.94,                   1.06,                   9.36,                   0.60,                   1.80
2022-04-18,22350,                  20.03,                   1.06,                   9.41,                   0.60,                   1.79
2022-04-19,22500,                  20.17,                   1.07,                   9.47,                   0.61,                   1.78
2022-04-20,22550,                  20.21,                   1.07,                   9.49,                   0.61,                   1.77
2022-04-21,22450,                  20.12,                   1.07,                   9.45,                   0.60,                   1.78
2022-04-22,22000,                  19.72,                   1.04,                   9.26,                   0.59,                   1.82
2022-04-25,21550,                  19.32,                   1.02,                   9.07,                   0.58,                   1.86
2022-04-26,21500,                  19.27,                   1.02,                   9.05,                   0.58,                   1.86
2022-04-27,21950,                  19.68,                   1.04,                   9.24,                   0.59,                   1.82
2022-04-28,22100,                  19.81,                   1.05,                   9.30,                   0.59,                   1.81
2022-04-29,22150,                  19.85,                   1.05,                   9.32,                   0.60,                   1.81
2022-05-02,22050,                  19.77,                   1.05,                   9.28,                   0.59,                   1.81
2022-05-03,21900,                  19.63,                   1.04,                   9.22,                   0.59,                   1.83
2022-05-04,21900,                  19.63,                   1.04,                   9.22,                   0.59,                   1.83
2022-05-06,21250,                  19.05,                   1.01,                   8.94,                   0.57,                   1.88
2022-05-09,20300,                  18.20,                   0.96,                   8.54,                   0.55,                   1.97
2022-05-10,20050,                  17.97,                   0.95,                   8.44,                   0.54,                   2.00
2022-05-11,20150,                  18.06,                   0.96,                   8.48,                   0.54,                   1.99
2022-05-12,19750,                  17.70,                   0.94,                   8.31,                   0.53,                   2.03
2022-05-13,20350,                  18.24,                   0.97,                   8.56,                   0.55,                   1.97
2022-05-16,20200,                  18.11,                   0.96,                   8.50,                   0.54,                   1.98
2022-05-17,20500,                  18.38,                   0.97,                   8.63,                   0.55,                   1.95
2022-05-18,20200,                  18.11,                   0.96,                   8.50,                   0.54,                   1.98
2022-05-19,19800,                  17.75,                   0.94,                   8.33,                   0.53,                   2.02
2022-05-20,20450,                  18.33,                   0.97,                   8.61,                   0.55,                   1.96
2022-05-23,20750,                  18.60,                   0.98,                   8.73,                   0.56,                   1.93
2022-05-24,20100,                  18.02,                   0.95,                   8.46,                   0.54,                   1.99
2022-05-25,20550,                  18.42,                   0.98,                   8.65,                   0.55,                   1.95
2022-05-26,21350,                  19.14,                   1.01,                   8.99,                   0.57,                   1.87
2022-05-27,21450,                  19.23,                   1.02,                   9.03,                   0.58,                   1.86
2022-05-30,21650,                  19.41,                   1.03,                   9.11,                   0.58,                   1.85
2022-05-31,21850,                  19.59,                   1.04,                   9.20,                   0.59,                   1.83
2022-06-02,21700,                  19.45,                   1.03,                   9.13,                   0.58,                   1.84
2022-06-03,21850,                  19.59,                   1.04,                   9.20,                   0.59,                   1.83
2022-06-07,21350,                  19.14,                   1.01,                   8.99,                   0.57,                   1.87
2022-06-08,21150,                  18.96,                   1.00,                   8.90,                   0.57,                   1.89
2022-06-09,21750,                  19.50,                   1.03,                   9.15,                   0.59,                   1.84
2022-06-10,21350,                  19.14,                   1.01,                   8.99,                   0.57,                   1.87
2022-06-13,20150,                  18.06,                   0.96,                   8.48,                   0.54,                   1.99
2022-06-14,19850,                  17.79,                   0.94,                   8.35,                   0.53,                   2.02
2022-06-15,19350,                  17.35,                   0.92,                   8.14,                   0.52,                   2.07
2022-06-16,19150,                  17.17,                   0.91,                   8.06,                   0.52,                   2.09
2022-06-17,19750,                  17.70,                   0.94,                   8.31,                   0.53,                   2.03
2022-06-20,18950,                  16.99,                   0.90,                   7.98,                   0.51,                   2.11
2022-06-21,19350,                  17.35,                   0.92,                   8.14,                   0.52,                   2.07
2022-06-22,19300,                  17.30,                   0.92,                   8.12,                   0.52,                   2.07
2022-06-23,18500,                  16.58,                   0.88,                   7.79,                   0.50,                   2.16
2022-06-24,19600,                  17.57,                   0.93,                   8.25,                   0.53,                   2.04
2022-06-27,19550,                  17.52,                   0.93,                   8.23,                   0.53,                   2.05
2022-06-28,19250,                  17.26,                   0.91,                   8.10,                   0.52,                   2.08
2022-06-29,18950,                  16.99,                   0.90,                   7.98,                   0.51,                   2.11
2022-06-30,19600,                  17.57,                   0.93,                   8.25,                   0.53,                   2.04
2022-07-01,18850,                  16.90,                   0.89,                   7.93,                   0.51,                   2.12
2022-07-04,18950,                  16.99,                   0.90,                   7.98,                   0.51,                   2.11
2022-07-05,19400,                  17.39,                   0.92,                   8.17,                   0.52,                   2.06
2022-07-06,19650,                  17.61,                   0.93,                   8.27,                   0.53,                   2.04
2022-07-07,20150,                  18.06,                   0.96,                   8.48,                   0.54,                   1.99
2022-07-08,19950,                  17.88,                   0.95,                   8.40,                   0.54,                   2.01
2022-07-11,20200,                  18.11,                   0.96,                   8.50,                   0.54,                   1.98
2022-07-12,20700,                  18.56,                   0.98,                   8.71,                   0.56,                   1.93
2022-07-13,20700,                  18.56,                   0.98,                   8.71,                   0.56,                   1.93
2022-07-14,20500,                  18.38,                   0.97,                   8.63,                   0.55,                   1.95
2022-07-15,20950,                  18.78,                   0.99,                   8.82,                   0.56,                   1.91
2022-07-18,20700,                  18.56,                   0.98,                   8.71,                   0.56,                   1.93
2022-07-19,21000,                  18.82,                   1.00,                   8.84,                   0.57,                   1.90
2022-07-20,21250,                  19.05,                   1.01,                   8.94,                   0.57,                   1.88
2022-07-21,20850,                  18.69,                   0.99,                   8.78,                   0.56,                   1.92
2022-07-22,20650,                  18.51,                   0.98,                   8.69,                   0.56,                   1.94
2022-07-25,20750,                  18.60,                   0.98,                   8.73,                   0.56,                   1.93
2022-07-26,20700,                  18.56,                   0.98,                   8.71,                   0.56,                   1.93
2022-07-27,20850,                  18.69,                   0.99,                   8.78,                   0.56,                   1.92
2022-07-28,20600,                  18.47,                   0.98,                   8.67,                   0.55,                   1.94
2022-07-29,20600,                  18.47,                   0.98,                   8.67,                   0.55,                   1.94
2022-08-01,20550,                  18.42,                   0.98,                   8.65,                   0.55,                   1.95
2022-08-02,20250,                  18.15,                   0.96,                   8.52,                   0.55,                   1.98
2022-08-03,20200,                  18.11,                   0.96,                   8.50,                   0.54,                   1.98
2022-08-04,20250,                  18.15,                   0.96,                   8.52,                   0.55,                   1.98
2022-08-05,20750,                  18.60,                   0.98,                   8.73,                   0.56,                   1.93
2022-08-08,20600,                  18.47,                   0.98,                   8.67,                   0.55,                   1.94
2022-08-09,20850,                  18.69,                   0.99,                   8.78,                   0.56,                   1.92
2022-08-10,20450,                  18.33,                   0.97,                   8.61,                   0.55,                   1.96
2022-08-11,20650,                  18.51,                   0.98,                   8.69,                   0.56,                   1.94
2022-08-12,20600,                  18.47,                   0.98,                   8.67,                   0.55,                   1.94
2022-08-16,20350,                  18.24,                   0.97,                   8.56,                   0.55,                   1.97
2022-08-17,20000,                  17.93,                   0.95,                   8.42,                   0.54,                   2.00
2022-08-18,19800,                  17.75,                   0.94,                   8.33,                   0.53,                   2.02
2022-08-19,19700,                  17.66,                   0.94,                   8.29,                   0.53,                   2.03
2022-08-22,19100,                  17.12,                   0.91,                   8.04,                   0.51,                   2.09
2022-08-23,18800,                  16.85,                   0.89,                   7.91,                   0.51,                   2.13
2022-08-24,18800,                  16.85,                   0.89,                   7.91,                   0.51,                   2.13
2022-08-25,19050,                  17.08,                   0.90,                   8.02,                   0.51,                   2.10
2022-08-26,19050,                  17.08,                   0.90,                   8.02,                   0.51,                   2.10
2022-08-29,18450,                  16.54,                   0.88,                   7.77,                   0.50,                   2.17
2022-08-30,18500,                  16.58,                   0.88,                   7.79,                   0.50,                   2.16
2022-08-31,18800,                  16.85,                   0.89,                   7.91,                   0.51,                   2.13
2022-09-01,18450,                  16.54,                   0.88,                   7.77,                   0.50,                   2.17
2022-09-02,18450,                  16.54,                   0.88,                   7.77,                   0.50,                   2.17
2022-09-05,18350,                  16.45,                   0.87,                   7.72,                   0.49,                   2.18
2022-09-06,18300,                  16.40,                   0.87,                   7.70,                   0.49,                   2.19
2022-09-07,18000,                  16.13,                   0.85,                   7.58,                   0.48,                   2.22
2022-09-08,18050,                  16.18,                   0.86,                   7.60,                   0.49,                   2.22
2022-09-13,18550,                  16.63,                   0.88,                   7.81,                   0.50,                   2.16
2022-09-14,18300,                  16.40,                   0.87,                   7.70,                   0.49,                   2.19
2022-09-15,18050,                  16.18,                   0.86,                   7.60,                   0.49,                   2.22
2022-09-16,18000,                  16.13,                   0.85,                   7.58,                   0.48,                   2.22
2022-09-19,17150,                  15.37,                   0.81,                   7.22,                   0.46,                   2.33
2022-09-20,17250,                  15.46,                   0.82,                   7.26,                   0.46,                   2.32
2022-09-21,17300,                  15.51,                   0.82,                   7.28,                   0.47,                   2.31
2022-09-22,16700,                  14.97,                   0.79,                   7.03,                   0.45,                   2.40
2022-09-23,15850,                  14.21,                   0.75,                   6.67,                   0.43,                   2.52
2022-09-26,15200,                  13.63,                   0.72,                   6.40,                   0.41,                   2.63
2022-09-27,16250,                  14.57,                   0.77,                   6.84,                   0.44,                   2.46
2022-09-28,16250,                  14.57,                   0.77,                   6.84,                   0.44,                   2.46
2022-09-29,16450,                  14.75,                   0.78,                   6.92,                   0.44,                   2.43
2022-09-30,16300,                  14.61,                   0.77,                   6.86,                   0.44,                   2.45
2022-10-04,16750,                  15.01,                   0.80,                   7.05,                   0.45,                   2.39
2022-10-05,16100,                  14.43,                   0.76,                   6.78,                   0.43,                   2.48
2022-10-06,16450,                  14.75,                   0.78,                   6.92,                   0.44,                   2.43
2022-10-07,16000,                  14.34,                   0.76,                   6.73,                   0.43,                   2.50
2022-10-11,15250,                  13.67,                   0.72,                   6.42,                   0.41,                   2.62
2022-10-12,15500,                  13.89,                   0.74,                   6.52,                   0.42,                   2.58
2022-10-13,15150,                  13.58,                   0.72,                   6.38,                   0.41,                   2.64
2022-10-14,16250,                  14.57,                   0.77,                   6.84,                   0.44,                   2.46
2022-10-17,16400,                  14.70,                   0.78,                   6.90,                   0.44,                   2.44
2022-10-18,16800,                  15.06,                   0.80,                   7.07,                   0.45,                   2.38
2022-10-19,16400,                  14.70,                   0.78,                   6.90,                   0.44,                   2.44
2022-10-20,16050,                  14.39,                   0.76,                   6.76,                   0.43,                   2.49
2022-10-21,16100,                  14.43,                   0.76,                   6.78,                   0.43,                   2.48
2022-10-24,16300,                  14.61,                   0.77,                   6.86,                   0.44,                   2.45
2022-10-25,16150,                  14.48,                   0.77,                   6.80,                   0.43,                   2.48
2022-10-26,16050,                  14.39,                   0.76,                   6.76,                   0.43,                   2.49
2022-10-27,16400,                  14.70,                   0.78,                   6.90,                   0.44,                   2.44
2022-10-28,16750,                  15.01,                   0.80,                   7.05,                   0.45,                   2.39
2022-10-31,17350,                  15.55,                   0.82,                   7.30,                   0.47,                   2.31
2022-11-01,16950,                  15.19,                   0.80,                   7.13,                   0.46,                   2.36
2022-11-02,17100,                  15.33,                   0.81,                   7.20,                   0.46,                   2.34
2022-11-03,16550,                  14.84,                   0.79,                   6.97,                   0.45,                   2.42
2022-11-04,16550,                  14.84,                   0.79,                   6.97,                   0.45,                   2.42
2022-11-07,16800,                  15.06,                   0.80,                   7.07,                   0.45,                   2.38
2022-11-08,17000,                  15.24,                   0.81,                   7.15,                   0.46,                   2.35
2022-11-09,17250,                  15.46,                   0.82,                   7.26,                   0.46,                   2.32
2022-11-10,17250,                  15.46,                   0.82,                   7.26,                   0.46,                   2.32
2022-11-11,17600,                  15.78,                   0.84,                   7.41,                   0.47,                   2.27
2022-11-14,17700,                  15.87,                   0.84,                   7.45,                   0.48,                   2.26
2022-11-15,18150,                  16.27,                   0.86,                   7.64,                   0.49,                   2.20
2022-11-16,17850,                  16.00,                   0.85,                   7.51,                   0.48,                   2.24
2022-11-17,18050,                  16.18,                   0.86,                   7.60,                   0.49,                   2.22
2022-11-18,17700,                  15.87,                   0.84,                   7.45,                   0.48,                   2.26
2022-11-21,17500,                  15.69,                   0.83,                   7.37,                   0.47,                   2.29
2022-11-22,17100,                  15.33,                   0.81,                   7.20,                   0.46,                   2.34
2022-11-23,17100,                  15.33,                   0.81,                   7.20,                   0.46,                   2.34
2022-11-24,17400,                  15.60,                   0.83,                   7.32,                   0.47,                   2.30
2022-11-25,17200,                  15.42,                   0.82,                   7.24,                   0.46,                   2.33
2022-11-28,16750,                  15.01,                   0.80,                   7.05,                   0.45,                   2.39
2022-11-29,17100,                  15.33,                   0.81,                   7.20,                   0.46,                   2.34
2022-11-30,17300,                  15.51,                   0.82,                   7.28,                   0.47,                   2.31
2022-12-01,17500,                  15.69,                   0.83,                   7.37,                   0.47,                   2.29
2022-12-02,17150,                  15.37,                   0.81,                   7.22,                   0.46,                   2.33
2022-12-05,17350,                  15.55,                   0.82,                   7.30,                   0.47,                   2.31
2022-12-06,17150,                  15.37,                   0.81,                   7.22,                   0.46,                   2.33
2022-12-07,17200,                  15.42,                   0.82,                   7.24,                   0.46,                   2.33
2022-12-08,17250,                  15.46,                   0.82,                   7.26,                   0.46,                   2.32
2022-12-09,17750,                  15.91,                   0.84,                   7.47,                   0.48,                   2.25
2022-12-12,17650,                  15.82,                   0.84,                   7.43,                   0.48,                   2.27
2022-12-13,18800,                  16.85,                   0.89,                   7.91,                   0.51,                   2.13
2022-12-14,18400,                  16.49,                   0.87,                   7.74,                   0.50,                   2.17
2022-12-15,18200,                  16.31,                   0.86,                   7.66,                   0.49,                   2.20
2022-12-16,18050,                  16.18,                   0.86,                   7.60,                   0.49,                   2.22
2022-12-19,18300,                  16.40,                   0.87,                   7.70,                   0.49,                   2.19
2022-12-20,18000,                  16.13,                   0.85,                   7.58,                   0.48,                   2.22
2022-12-21,18400,                  16.49,                   0.87,                   7.74,                   0.50,                   2.17
2022-12-22,18750,                  16.81,                   0.89,                   7.89,                   0.50,                   2.13
2022-12-23,18250,                  16.36,                   0.87,                   7.68,                   0.49,                   2.19
2022-12-26,17900,                  16.05,                   0.85,                   7.53,                   0.48,                   2.23
2022-12-27,17750,                  15.91,                   0.84,                   7.47,                   0.48,                   2.25
2022-12-28,17600,                  15.78,                   0.84,                   7.41,                   0.47,                   2.27
2022-12-29,17000,                  15.24,                   0.81,                   7.15,                   0.46,                   2.35
2023-01-02,16600,                  14.88,                   0.79,                   6.99,                   0.45,                   2.41
2023-01-03,16300,                  14.61,                   0.77,                   6.86,                   0.44,                   2.45
2023-01-04,16500,                  14.79,                   0.78,                   6.94,                   0.44,                   2.42
2023-01-05,16500,                  14.79,                   0.78,                   6.94,                   0.44,                   2.42
2023-01-06,16500,                  14.79,                   0.78,                   6.94,                   0.44,                   2.42
2023-01-09,17050,                  15.28,                   0.81,                   7.18,                   0.46,                   2.35
2023-01-10,16800,                  15.06,                   0.80,                   7.07,                   0.45,                   2.38
2023-01-11,17050,                  15.28,                   0.81,                   7.18,                   0.46,                   2.35
2023-01-12,16950,                  15.19,                   0.80,                   7.13,                   0.46,                   2.36
2023-01-13,16800,                  15.06,                   0.80,                   7.07,                   0.45,                   2.38
2023-01-16,16900,                  15.15,                   0.80,                   7.11,                   0.45,                   2.37
2023-01-17,16600,                  14.88,                   0.79,                   6.99,                   0.45,                   2.41
2023-01-18,16600,                  14.88,                   0.79,                   6.99,                   0.45,                   2.41
2023-01-19,16650,                  14.92,                   0.79,                   7.01,                   0.45,                   2.40
2023-01-20,16700,                  14.97,                   0.79,                   7.03,                   0.45,                   2.40
2023-01-25,16810,                  15.07,                   0.80,                   7.07,                   0.45,                   2.38
2023-01-26,16960,                  15.20,                   0.81,                   7.14,                   0.46,                   2.36
2023-01-27,16940,                  15.18,                   0.80,                   7.13,                   0.46,                   2.36
2023-01-30,16790,                  15.05,                   0.80,                   7.07,                   0.45,                   2.38
2023-01-31,16900,                  15.15,                   0.80,                   7.11,                   0.45,                   2.37
2023-02-01,17180,                  15.40,                   0.82,                   7.23,                   0.46,                   2.33
2023-02-02,17470,                  15.66,                   0.83,                   7.35,                   0.47,                   2.29
2023-02-03,17520,                  15.70,                   0.83,                   7.37,                   0.47,                   2.28
2023-02-06,17460,                  15.65,                   0.83,                   7.35,                   0.47,                   2.29
2023-02-07,17440,                  15.63,                   0.83,                   7.34,                   0.47,                   2.29
2023-02-08,17550,                  15.73,                   0.83,                   7.39,                   0.47,                   2.28
2023-02-09,17570,                  15.75,                   0.83,                   7.39,                   0.47,                   2.28
2023-02-10,17090,                  15.32,                   0.81,                   7.19,                   0.46,                   2.34
2023-02-13,17010,                  15.25,                   0.81,                   7.16,                   0.46,                   2.35
2023-02-14,16950,                  15.19,                   0.80,                   7.13,                   0.46,                   2.36
2023-02-15,16380,                  14.68,                   0.78,                   6.89,                   0.44,                   2.44
2023-02-16,16730,                  15.00,                   0.79,                   7.04,                   0.45,                   2.39
2023-02-17,16390,                  14.69,                   0.78,                   6.90,                   0.44,                   2.44
2023-02-20,16610,                  14.89,                   0.79,                   6.99,                   0.45,                   2.41
2023-02-21,16580,                  14.86,                   0.79,                   6.98,                   0.45,                   2.41
2023-02-22,16110,                  14.44,                   0.76,                   6.78,                   0.43,                   2.48
2023-02-23,16060,                  14.40,                   0.76,                   6.76,                   0.43,                   2.49
2023-02-24,15980,                  14.32,                   0.76,                   6.73,                   0.43,                   2.50
2023-02-27,15680,                  14.06,                   0.74,                   6.60,                   0.42,                   2.55
2023-02-28,15900,                  14.25,                   0.75,                   6.69,                   0.43,                   2.52
2023-03-02,15730,                  14.10,                   0.75,                   6.62,                   0.42,                   2.54
2023-03-03,15780,                  14.14,                   0.75,                   6.64,                   0.42,                   2.53
2023-03-06,15760,                  14.13,                   0.75,                   6.63,                   0.42,                   2.54
2023-03-07,15940,                  14.29,                   0.76,                   6.71,                   0.43,                   2.51
2023-03-08,15800,                  14.16,                   0.75,                   6.65,                   0.43,                   2.53
2023-03-09,16000,                  14.34,                   0.76,                   6.73,                   0.43,                   2.50
2023-03-10,15530,                  13.92,                   0.74,                   6.54,                   0.42,                   2.58
2023-03-13,15250,                  13.67,                   0.72,                   6.42,                   0.41,                   2.62
2023-03-14,14940,                  13.39,                   0.71,                   6.29,                   0.40,                   2.68
2023-03-15,14990,                  13.44,                   0.71,                   6.31,                   0.40,                   2.67
2023-03-16,14640,                  13.12,                   0.69,                   6.16,                   0.39,                   2.73
2023-03-17,15340,                  13.75,                   0.73,                   6.46,                   0.41,                   2.61
2023-03-20,15290,                  13.71,                   0.73,                   6.44,                   0.41,                   2.62
2023-03-21,15160,                  13.59,                   0.72,                   6.38,                   0.41,                   2.64
2023-03-22,15090,                  13.53,                   0.72,                   6.35,                   0.41,                   2.65
2023-03-23,15010,                  13.45,                   0.71,                   6.32,                   0.40,                   2.66
2023-03-24,14880,                  22.46,                   0.70,                   6.61,                   0.35,                   2.02
2023-03-27,15260,                  23.03,                   0.72,                   6.78,                   0.36,                   1.97
2023-03-28,15270,                  23.05,                   0.72,                   6.79,                   0.36,                   1.96
2023-03-29,15210,                  22.96,                   0.71,                   6.76,                   0.36,                   1.97
2023-03-30,15380,                  23.21,                   0.72,                   6.84,                   0.37,                   1.95
2023-03-31,15420,                  23.28,                   0.72,                   6.85,                   0.37,                   1.95
2023-04-03,15210,                  22.96,                   0.71,                   6.76,                   0.36,                   1.97
2023-04-04,15740,                  23.76,                   0.74,                   7.00,                   0.37,                   1.91
2023-04-05,15950,                  24.08,                   0.75,                   7.09,                   0.38,                   1.88
2023-04-06,15880,                  23.97,                   0.75,                   7.06,                   0.38,                   1.89
2023-04-07,16080,                  24.27,                   0.75,                   7.15,                   0.38,                   1.87
2023-04-10,16030,                  24.20,                   0.75,                   7.12,                   0.38,                   1.87
2023-04-11,16030,                  24.20,                   0.75,                   7.12,                   0.38,                   1.87
2023-04-12,16180,                  24.42,                   0.76,                   7.19,                   0.39,                   1.85
2023-04-13,16740,                  25.27,                   0.79,                   7.44,                   0.40,                   1.79
2023-04-14,17240,                  26.02,                   0.81,                   7.66,                   0.41,                   1.74
2023-04-17,16830,                  25.40,                   0.79,                   7.48,                   0.40,                   1.78
2023-04-18,16480,                  24.88,                   0.77,                   7.32,                   0.39,                   1.82
2023-04-19,16160,                  24.39,                   0.76,                   7.18,                   0.38,                   1.86
2023-04-20,15930,                  24.04,                   0.75,                   7.08,                   0.38,                   1.88
2023-04-21,15860,                  23.94,                   0.74,                   7.05,                   0.38,                   1.89
2023-04-24,15690,                  23.68,                   0.74,                   6.97,                   0.37,                   1.91
2023-04-25,15560,                  23.49,                   0.73,                   6.92,                   0.37,                   1.93
2023-04-26,15900,                  24.00,                   0.75,                   7.07,                   0.38,                   1.89
2023-04-27,15670,                  23.65,                   0.74,                   6.96,                   0.37,                   1.91
2023-04-28,15600,                  23.55,                   0.73,                   6.93,                   0.37,                   1.92
2023-05-02,15910,                  24.01,                   0.75,                   7.07,                   0.38,                   1.89
2023-05-03,15610,                  23.56,                   0.73,                   6.94,                   0.37,                   1.92
2023-05-04,16040,                  24.21,                   0.75,                   7.13,                   0.38,                   1.87
2023-05-08,16430,                  24.80,                   0.77,                   7.30,                   0.39,                   1.83
2023-05-09,16150,                  24.38,                   0.76,                   7.18,                   0.38,                   1.86
2023-05-10,16260,                  24.54,                   0.76,                   7.23,                   0.39,                   1.85
2023-05-11,16270,                  24.56,                   0.76,                   7.23,                   0.39,                   1.84
2023-05-12,16100,                  24.30,                   0.76,                   7.16,                   0.38,                   1.86
2023-05-15,16130,                  24.35,                   0.76,                   7.17,                   0.38,                   1.86
2023-05-16,15950,                  24.08,                   0.75,                   7.09,                   0.38,                   1.88
2023-05-17,15910,                  24.01,                   0.75,                   7.07,                   0.38,                   1.89
2023-05-18,15700,                  23.70,                   0.74,                   6.98,                   0.37,                   1.91
2023-05-19,15930,                  24.04,                   0.75,                   7.08,                   0.38,                   1.88
2023-05-22,16060,                  24.24,                   0.75,                   7.14,                   0.38,                   1.87
2023-05-23,16180,                  24.42,                   0.76,                   7.19,                   0.39,                   1.85
2023-05-24,15990,                  24.14,                   0.75,                   7.11,                   0.38,                   1.88
2023-05-25,15640,                  23.61,                   0.73,                   6.95,                   0.37,                   1.92
2023-05-26,15570,                  23.50,                   0.73,                   6.92,                   0.37,                   1.93
2023-05-30,15650,                  23.62,                   0.73,                   6.96,                   0.37,                   1.92
2023-05-31,15500,                  23.40,                   0.73,                   6.89,                   0.37,                   1.94
